timp,theta1,theta2,v1,v2,x1,,x2,y1,y2
0.081,1.56412966012823,1.5707963267948966,-0.006666666666666667,0.0,749.9966666790124,200.99999259260906,899.9966666790124,200.99999259260906
0.098,1.5507970674890008,1.5707951416755512,-0.01333259263922916,-1.1851193453320893E-6,749.9700032218797,202.9996889221036,899.9700032217743,202.9998666900054
0.102,1.5308053581804961,1.5707815204550706,-0.019991709308504624,-1.3621220480672513E-5,749.8800701668987,205.99704650353237,899.8800701504566,205.9992674545062
0.117,1.5041788739104287,1.5707147337853828,-0.026626484270067485,-6.678666968773503E-5,749.6672816972784,209.9852285576003,899.667281197972,209.99746750901377
0.133,1.470976647737177,1.5704953351620037,-0.03320222617325166,-2.1939862337916233E-4,749.2533226735634,214.9480992404106,899.2533158788663,214.99324798466284
0.149,1.431313903776004,1.5699282947852955,-0.03966274396117307,-5.67040376708286E-4,748.543213182144,220.85458744555052,898.5431566711798,220.98479223063958
0.165,1.385384988440971,1.5686832977204475,-0.04592891533503312,-0.0012449970648480517,747.4290754818031,227.65262560012712,897.4287406150374,227.9695797254334
0.181,1.3334830251742478,1.5662601355349466,-0.051901963266723174,-0.00242316218550092,745.795965542874,235.26381192413942,895.7944222681843,235.9442382796006
0.197,1.2760106443386214,1.5619691453843227,-0.05747238083562624,-0.004290990150623835,743.5296646495733,243.58021759446603,893.5238207526453,244.90427761096134
0.213,1.2134775177658241,1.55493526397741,-0.06253312657279737,-0.007033881406912538,740.5256959591968,252.46454779356617,890.5068283562231,254.84360746194062
0.228,1.1464846941323763,1.5441283442904288,-0.06699282363344779,-0.010806919686981418,736.6983517864016,261.7540332195492,886.6450163506299,265.7537564678237
0.243,1.0757012681662625,1.5284139938757668,-0.07078342596611377,-0.015714350414661897,731.9885325004775,271.26729466150937,881.8538330044805,277.62274152580324
0.259,1.001842422299522,1.5066130419934136,-0.0738588458667407,-0.021800951882353283,726.369753160037,280.8126567207843,876.0608971558257,290.4335407358868
0.275,0.9256570257714758,1.4775574093894757,-0.07618539652804615,-0.029055632603938,719.8524017448424,290.1964622143957,869.2008617844867,304.16204432853493
0.291,0.847928492077823,1.4401349076126764,-0.0777285336936528,-0.03742250177679929,712.4867450815262,299.2307018062643,861.2081352296032,318.7741946471946
0.306,0.7694873151131909,1.393321405318171,-0.07844117696463208,-0.046813502294505274,704.3650627807477,307.7401209892146,852.0089557111461,334.22182940006047
0.322,0.6912299528027505,1.336202466019992,-0.07825736231044043,-0.057118939298178975,695.6227945063522,315.56937817084565,841.5141186751644,350.43657668564697
0.337,0.6141369900416827,1.2679872433894845,-0.07709296276106782,-0.06821522263050755,686.4380135848761,322.5906595442767,829.6134005931743,367.3210581007845
0.353,0.539282982013112,1.1880164951080636,-0.07485400802857069,-0.079970748281421,677.0281300486961,328.71156584084105,816.1726228968829,384.73665049067347
0.368,0.46782992514035737,1.095766218881527,-0.07145305687275459,-0.09225027622653678,667.6425675897717,333.8823477903759,801.0344103468351,402.4871310483592
0.383,0.40099475525325257,0.9908510483278241,-0.06683516988710482,-0.10491517055370285,658.5501569621674,338.1009743618978,784.0240525680729,420.2976988798391
0.399,0.3399769766930887,0.8730401901849589,-0.06101777856016387,-0.11781085814286514,650.0198080083635,341.4143514881232,764.9626775726383,437.7893313134394
0.415,0.2858229340921024,0.7423173192302968,-0.05415404260098627,-0.13072287095466212,642.2920641441328,343.91449305205003,743.6916691996978,454.45009860327247
0.43,0.23918697917942275,0.5990468099430049,-0.04663595491267967,-0.14327050928729185,635.5369244933565,345.7296366479841,720.1152517888664,469.6106543702066
0.445,0.1999393239950343,0.4443363326488025,-0.03924765518438845,-0.15471047729420234,629.7914795857268,347.0117945747661,694.2702924332614,482.4462166903147
0.461,0.16662974231937888,0.2806257887710614,-0.03330958167565544,-0.1637105438777411,624.878957982776,347.92240347456254,666.4225097999491,492.0547499565853
0.477,0.13608136714770191,0.11219937189445175,-0.03054837517167698,-0.16842641687660967,620.3492640379172,348.6132815501869,637.1438809382976,497.67011917654156
0.493,0.10377170205245304,-0.05519040009157122,-0.032309665095248886,-0.16738977198602298,615.5378335350385,349.1930820414855,607.2634756030126,498.96469150340164
0.509,0.06527438674722572,-0.2159375410016633,-0.03849731530522732,-0.16074714091009207,609.7842065543224,349.68055752869964,577.6447130799071,496.19694896395174
0.524,0.017670270113296083,-0.3660958786294952,-0.04760411663392963,-0.1501583376278319,602.6504025857058,349.9765827258832,548.9544876556945,490.03638680909967
0.539,-0.040175492450496,-0.5035225691680164,-0.057845762563792084,-0.1374266905385212,593.97529715322,349.8789610172422,521.598211701018,481.2622076716184
0.555,-0.10812407113304148,-0.6271993731680883,-0.06794857868254547,-0.1236768040000718,583.8129723250062,349.12404277999235,495.78105229004007,470.5751895632045
0.571,-0.18532957974385153,-0.7366356620156497,-0.07720550861081005,-0.10943628884756137,572.3594280885769,347.4313358292919,471.5894817223855,458.541271970732
0.587,-0.2706104627279532,-0.8315921394035684,-0.08528088298410164,-0.09495647738791865,559.9020400256841,344.5411830790732,449.05130027783895,445.5961854161941
0.603,-0.3626570131120811,-0.912023928144943,-0.09204655038412791,-0.08043178874137465,546.7860484494737,340.24362859102814,428.17440358110423,432.0656177963367
0.618,-0.4601384890313346,-0.9781249543227795,-0.09748147591925352,-0.06610102617783645,533.3891705774636,334.39865104844523,408.97145030903505,418.1854691238864
0.634,-0.5617435942972998,-1.0304085631994608,-0.10160510526596525,-0.052283608876681285,520.1006011624021,326.9491475567696,391.4742131125987,404.11942873586986
0.65,-0.6661668958558062,-1.069798003943491,-0.1044233015585064,-0.03938944074403004,507.30345564792816,317.929430869416,375.7379301711536,389.9746424106433
0.666,-0.7720506499675995,-1.0977142497097796,-0.10588375411179334,-0.027916245766288768,495.359106389163,307.4722447161382,361.8338725830838,375.81704654504017
0.683,-0.8779061516198821,-1.1161358697638395,-0.10585550165228255,-0.018421620054059895,484.5895361330783,295.8145335010403,349.8280072229089,361.6881270404365
0.698,-0.9820672266557852,-1.1275703822103103,-0.10416107503590313,-0.011434512446470708,475.25293695082985,283.29567972353885,339.747001838529,347.6240680862277
0.713,-1.082747113927456,-1.1348537345766299,-0.10067988727167096,-0.007283352366319605,467.5126094902025,270.33556252639494,331.54174629142653,333.67531592802845
0.729,-1.17822937399406,-1.1407565735878489,-0.09548226006660392,-0.005902839011219058,461.41048680199015,257.38420367608717,325.06811025118895,319.92024413660516
0.744,-1.2671146126513493,-1.147533695966827,-0.08888523865728937,-0.006777122378978111,456.8637006203661,244.85532075354968,320.1006439634708,306.465923200392
0.759,-1.3484773743838088,-1.1566437263395875,-0.08136276173245947,-0.00911003037276056,453.691685743379,233.0738141039983,316.37303751571557,293.435961588388
0.775,-1.421861274438489,-1.1687453502056773,-0.07338390005468043,-0.012101623866089851,451.66055084943764,222.2577587754862,313.62149543400767,280.9537482467939
0.791,-1.487163563532792,-1.1838845808698795,-0.06530228909430301,-0.015139230664202283,450.5242772394797,212.53029549611932,311.61246236302145,269.12983337169385
0.806,-1.5444980005689195,-1.2017277357479523,-0.05733443703612759,-0.017843154878072916,450.05186715778257,203.94429425026928,310.1523042076744,258.0563288300993
0.822,-1.5940871238261465,-1.2217527118023037,-0.04958912325722694,-0.020024976054351402,450.0406827528584,196.50669629560358,309.0856489262909,247.80658361469247
0.837,-1.6361931183781395,-1.243378000547584,-0.04210599455199301,-0.02162528874528027,450.3206412268239,190.19747189492224,308.2892767352353,238.43740867615682
0.853,-1.6710781014324727,-1.2660404634065499,-0.03488498305433322,-0.022662462858965778,450.7536007119812,184.9829330573087,307.6655652070746,229.99197765221862
0.868,-1.6989824569301752,-1.289238813987761,-0.027904355497702597,-0.02319835058121122,451.2306897194554,180.82469508323103,307.1371129189423,222.5025204203888
0.883,-1.72011302108921,-1.3125562779624538,-0.02113056415903477,-0.02331746397469261,451.6690561462864,177.68563029197398,306.64291657772975,215.99253361032558
0.898,-1.7346363296734397,-1.3356711824781553,-0.014523308584229809,-0.023114904515701615,452.0087664186213,175.53380325710995,306.13598720746126,210.4785065068466
0.914,-1.7426745061962228,-1.3583606023475763,-0.008038176522783089,-0.022689419869420874,452.2102089089767,174.3450268121033,305.58216943721254,205.97125075152996
0.93,-1.7443028004985892,-1.3804997641340166,-0.0016282943023664424,-0.02213916178644042,452.25217865780814,174.1044156537114,304.9599511420603,202.4769325221383
0.945,-1.7395486497767683,-1.4020582643405903,0.004754150721820912,-0.021558500206573593,452.1307373017786,174.80712106399125,304.26111535484824,199.99789130374165
0.961,-1.728392748296342,-1.4230928844722908,0.01115590148042636,-0.021034620131700474,451.8588952313196,176.45826943670346,303.4921457139668,198.53331502340845
0.976,-1.7107732007505263,-1.443735581963543,0.0176195475458156,-0.02064269749125217,451.46711654578394,179.07196777582112,302.6763208710097,198.0798377897806
0.991,-1.6865945254500894,-1.464173926306958,0.024178675300436853,-0.020438344343415082,451.0045684177186,182.66906327950778,301.85638620099553,198.63213759015318
1.006,-1.655744051707575,-1.4846198696859714,0.03085047374251448,-0.02044594337901329,450.54088332380087,187.27316055062008,301.09751734644306,200.18363557509142
1.022,-1.6181188039608285,-1.5052617810311153,0.037625247746746505,-0.020641911345143853,450.16792492204985,192.90427749728693,300.4899179082696,202.72742446670335
1.037,-1.573665386590384,-1.5261954962220967,0.0444534173704445,-0.020933715190981354,450.0006173623848,199.56964162109358,300.14978518903183,206.25754839029992
1.052,-1.522432032540929,-1.547335243942584,0.05123335404945485,-0.021139747720487264,450.17539867824246,207.2518162398401,300.21667846539225,210.77065583892843
1.067,-1.4646242461810277,-1.5683171928350523,0.057807786359901456,-0.020981948892468304,450.8446444166363,215.89590830372202,300.8451053742895,216.26777801677332
1.083,-1.4006447701351508,-1.5884251409975148,0.06397947604587693,-0.02010794816246231,452.16613276818146,225.39975785878747,302.18944029631973,222.7555726911746
1.098,-1.3310933313378217,-1.6065773258648148,0.06955143879732897,-0.01815218486730006,454.288720384617,235.61211862340798,304.38473113265854,230.24611393195374
1.114,-1.2567140299552069,-1.6213970977369196,0.07437930138261495,-0.014819771872104854,457.337955291222,246.34156880718018,307.52994717219553,238.75469175468257
1.129,-1.1783078367003612,-1.631347701004926,0.07840619325484569,-0.009950603268006324,461.4059847086814,257.3733293911879,311.68088586913876,248.29617248557076
1.144,-1.096650804177914,-1.6348759733036191,0.08165703252244727,-0.0035282722986931256,466.5475226572838,268.486759969295,316.8553823734112,258.88138974043824
1.161,-1.012452629601848,-1.6305150999236284,0.0841981745760661,0.004360873379990763,472.77993695279173,279.46732383982965,323.0473323600225,270.51483134525455
1.175,-0.9263635895122043,-1.616932540102076,0.08608904008964356,0.01358255982155241,480.08389862781263,290.1117563456361,330.24351157615945,283.1937791694108
1.191,-0.839016331147427,-1.5929395136443996,0.08734725836477732,0.023993026457676477,488.4020703862866,300.2292477569929,338.43884293801,296.9080411544982
1.207,-0.7510836733038375,-1.5574857628737173,0.0879326578435895,0.03545375077068221,497.6353093017607,309.6424648494086,347.64859693896926,311.6389904819225
1.222,-0.6633380337516144,-1.5096554196788523,0.0877456395522232,0.04783034319486499,507.6374322009229,318.191184398672,357.9177106621662,327.3566075944199
1.238,-0.5767035870087122,-1.4486688496552727,0.0866344467429022,0.0609865700235796,518.2104543096748,325.7396922843785,369.32769867102945,344.0133091525144
1.254,-0.4922952287055613,-1.3738869818682913,0.08440835830315083,0.07478186778698136,529.1025296321491,332.18755121205515,382.0011424763939,361.53345206468924
1.27,-0.41143921189473076,-1.2848097003079282,0.08085601681083057,0.08907728156036307,540.0106731149965,337.4819284847438,396.10310488028796,379.79754977018285
1.285,-0.33567019966058387,-1.1810582844767534,0.07576901223414687,0.10375141583117478,550.5896940811105,341.62846348457555,411.8384008714714,398.6203807417864
1.301,-0.2666988232810002,-1.0623347763378157,0.06897137637958367,0.11872350813893774,560.4677383447985,344.6969256357048,429.44356175563956,417.7220250819425
1.316,-0.20634049594272627,-0.9283622925709586,0.06035832733827393,0.1339724837668571,569.2680894163088,346.8180835996575,449.1721210421747,436.6899834364751
1.331,-0.15638258337265437,-0.7788392448157151,0.04995791257007191,0.14952304775524347,576.6381060571813,348.16957147607764,471.2700437029414,454.9289805963655
1.347,-0.11832477157294513,-0.6135098226401376,0.03805781179970923,0.16532942217557745,582.2926711743172,348.9511681923278,495.931559449519,471.5960147275856
1.364,-0.09282821679270559,-0.4326014498059023,0.02549655478023955,0.1809083728342353,586.095756566005,349.3541831169392,523.2106538748839,485.53591412197216
1.379,-0.07859175049010766,-0.23806517890598056,0.014236466302597917,0.19453627089992176,588.2233695484915,349.53698865233514,552.8499469275548,495.3063989278817
1.394,-0.070741044555226,-0.035619839419900046,0.007850705934881668,0.2024453394860805,589.3976913295919,349.624834338613,584.0558451821614,499.52968642732026
1.41,-0.06074654494427312,0.1649182796215191,0.009994499610952876,0.20053811904141913,590.893621309975,349.72332439254035,615.5193793040911,497.68809061482455
1.426,-0.040375201754179385,0.3542258251260615,0.02037134319009373,0.18930754550454237,593.9453650506215,349.87775483916806,645.9750188694882,490.5650503689667
1.441,-0.005543517148920783,0.5277123377782718,0.0348316846052586,0.17348651265221032,599.168476686543,349.9976952122238,674.7022080303166,479.59189041126285
1.456,0.044224298498220356,0.6843627071246164,0.04976781564714114,0.1566503693463447,606.6314826517303,349.853339762048,701.458385351368,466.07665293282906
1.472,0.10772664601936283,0.824303843259298,0.06350234752114248,0.13994113613468157,616.127760758556,349.1304641343102,726.239044101408,450.99068836629465
1.487,0.18318687624554483,0.9476855963082509,0.075460230226182,0.12338175304895299,627.3246070627359,347.4902228924585,749.1346687607713,435.0248381547696
1.503,0.2686937729235639,1.0544611774131363,0.08550689667801907,0.10677558110488529,639.8208458781099,344.61777288269866,770.2659967569222,418.67222995453136
1.518,0.3623845101448093,1.1444826143453197,0.09369073722124546,0.09002143693218354,653.1757327702901,340.25812434345005,789.7501741720948,402.285714622172
1.533,0.46254265143178147,1.2176594302091495,0.10015814128697215,0.07317681586382982,666.9337527896903,334.2381195394536,807.677621472225,386.1145441297568
1.55,0.5676554738780694,1.2740975748374144,0.10511282244628785,0.05643814462826491,680.6485062883738,326.4745762335424,824.0945363563069,370.32929613630375
1.565,0.6764296299548711,1.314203188416424,0.10877415607680169,0.040105613579009616,693.9019199692946,316.97191725401535,838.9909508706933,355.03992366481884
1.58,0.7877519934466467,1.3387683509729345,0.11132236349177564,0.024565162556510492,706.3153844957807,305.8160622000002,852.295693529567,340.3088059934454
1.596,0.9005823468328711,1.3490724790534045,0.1128303533862244,0.010304128080470076,717.5533154069027,293.1730542423358,863.8812861360642,326.1597937339202
1.612,1.013775759881664,1.3470258912877917,0.11319341304879275,-0.0020465877656127614,727.325097278562,279.2989256106583,873.5852513485631,312.5850688450364
1.627,1.1258734938572457,1.335322995542306,0.11209773397558177,-0.011702895745485706,735.3965819818161,264.5582340808773,881.2571850616928,299.5537262073595
1.641,1.2349899747945399,1.3174407849085075,0.10911648093729423,-0.017882210633798468,741.6217348431206,249.42958850754104,886.8332539600203,287.0276564866574
1.657,1.338988079874074,1.2972251360323663,0.10399810507953425,-0.020215648876141145,745.987884562394,234.4606668681428,890.4097151436147,274.98639760269214
1.672,1.4359666423898598,1.278055721288261,0.0969785625157858,-0.019169414744105252,748.6386359492394,220.1632314659499,892.2571252903456,263.44982892265205
1.687,1.524721525722965,1.2621035851226392,0.0887548833331051,-0.015952136165621772,749.840811617536,206.90877513008638,892.7505435898629,252.48078965213358
1.703,1.604832566626069,1.2501924383273764,0.08011104090310406,-0.011911146795262789,749.9131234658039,194.89554971357165,892.26991574954,242.16651004531445
1.719,1.676437746083485,1.2421594699611367,0.07160517945741599,-0.008032968366239646,749.1637699255537,184.18324490938502,891.1362471479683,232.59621539592843
1.735,1.7399555980556203,1.2373105683686416,0.06351785197213536,-0.004848901592495122,747.858998255697,174.74694800975928,889.5950576540343,223.8477572315122
1.749,1.7958949248628913,1.234747043354347,0.0559393268072709,-0.002563525014294529,746.215815671167,166.51962892058506,887.8255383343296,215.98362034123528
1.765,1.8447567972880528,1.2335470774000303,0.04886187242516141,-0.0011999659543167228,744.4060437933266,159.41805184617388,885.9563094118615,209.05193445999123
1.78,1.8869935914439817,1.2328517029623667,0.04223679415592905,-6.95374437663756E-4,742.5637147857019,153.3568094305175,884.0794320508035,203.08911047263538
1.796,1.9229958780530683,1.2318997547586148,0.03600228660908654,-9.519482037519331E-4,740.7924329696937,148.2555237878061,882.2607435461525,198.12251790859276
1.811,1.953090815171225,1.2300383736527793,0.030094937118156615,-0.00186138110583538,739.1716678588666,144.0424547948956,880.546911932905,194.17268881595396
1.826,1.9775443765282845,1.2267227764769744,0.02445356135705955,-0.0033155971758050237,737.7618343331193,140.65628086162627,878.970089967979,191.25498183862862
1.842,1.9965642769756666,1.2215119250651176,0.019019900447382034,-0.0052108514118567855,736.6082733787345,138.04695613223714,877.5509507867724,189.3807820665442
1.857,2.0103025457070345,1.214063210417605,0.013738268731367773,-0.0074487146475126385,735.7442810648512,136.17610041538768,876.3006810197355,188.5583343475388
1.873,2.018857574924894,1.2041275981860882,0.008555029217859745,-0.009935612231516927,735.1933049678735,135.01715386455018,875.2223263682066,188.79329323569738
1.888,2.0222757937585323,1.1915459066540437,0.003418218833638074,-0.012581691532044442,734.9703899985209,134.5554140998113,874.3117513739189,190.08905264484758
1.903,2.0205531990791195,1.1762465342602373,-0.001722594679412679,-0.015299372393806323,735.0829241872773,134.78801035841428,873.5583813378273,192.4469018405283
1.919,2.013636957252997,1.1582447938675706,-0.006916241826122518,-0.018001740392666738,735.5307116893796,135.7238287623613,872.9458277475532,195.86604254534987
1.934,2.0014272320216144,1.1376439368412374,-0.012209725231382546,-0.020600857026333158,736.3053844231828,137.383371399856,872.4524488342365,200.3434925262672
1.95,1.9837793134298882,1.1146379072126722,-0.01764791859172629,-0.02300602962856518,737.3891546877849,139.79850355534396,872.0518562635077,205.8738908362962
1.965,1.960506023343838,1.0895158247914218,-0.023273290086050103,-0.02512208242125031,738.7529086336297,143.01201577781842,871.7133416214141,212.44920509090116
1.982,1.931380249548443,1.062668136804871,-0.029125773795395063,-0.026847687986550857,740.3536444792403,147.0769003043565,871.4021574689006,220.05831741308944
1.997,1.8961373066072065,1.0345942851902203,-0.03524294294123645,-0.028073851614650487,742.1312690215038,152.055215441751,871.0795426882714,228.6864278708938
2.012,1.8544766373171038,1.0059115937000758,-0.04166066929010277,-0.02868269149014448,744.0047786123966,158.01638728271897,870.702325192874,238.3141561837772
2.027,1.8060621712554887,0.9773648543122818,-0.04841446606161504,-0.028546739387793976,745.8678610425147,165.0347727752041,870.2218590144838,248.9161365480203
2.043,1.7505205072635917,0.9498357107616696,-0.05554166399189718,-0.027529143550612253,747.5839552825316,173.18626950303818,869.58194471363,260.45877705707613
2.059,1.687436145088926,0.9243502024347326,-0.06308436217466583,-0.02548550832693692,748.9807927588116,182.5436719509504,868.715221354304,272.896683018158
2.074,1.6163436478868949,0.902081241605489,-0.07109249720203106,-0.022268960829243678,749.8444350124456,193.1702638556856,867.5372749183648,286.1670134487745
2.089,1.5367187914628908,0.8843391074556277,-0.07962485642400408,-0.01774213414986123,749.9129125471482,205.11064101958925,865.9373548225036,300.18076668844856
2.105,1.4479765538299754,0.8725343330349833,-0.08874223763291535,-0.011804774420644404,748.870069213206,218.37668339106003,863.7641721004877,314.80979555553756
2.121,1.3494976956022124,0.8680774302605754,-0.09847885822776302,-0.004456902774407877,746.3419840075467,232.9245154366004,860.8051541872501,329.8687399804702
2.136,1.2407351752218714,0.872138664621554,-0.10876252038034114,0.004061234360978598,741.9033789027923,248.61513196496085,856.759317261041,345.0936965471838
2.151,1.1214987573737474,0.8851277671079911,-0.119236417848124,0.012989102486437146,735.1128619912862,265.1499387914037,851.212246148455,360.12853110738894
2.166,0.9925264147183406,0.9057514635761847,-0.1289723426554068,0.020623696468193647,725.6114290778313,281.9863945116807,843.644794239485,374.5505598707208
2.181,0.8561970293828969,0.9299001859660767,-0.1363293853354437,0.024148722389892005,713.3033832270418,298.2972194383244,833.537422927434,387.98431827268575
2.197,0.7165512538172072,0.9506439749850534,-0.13964577556568966,0.020743789018976645,698.5181952997825,313.111295611331,820.586684118646,400.2851680587508
2.212,0.5778734053120633,0.960497521453844,-0.1386778485051439,0.00985354646879061,681.9365822868062,325.6439273628353,804.8581030968435,411.61077982206865
2.228,0.4431293331861681,0.9540583565367055,-0.1347440721258952,-0.006439164917138621,664.3152966446111,335.5121493354588,786.680718210407,422.2687260603679
2.244,0.31386622798754926,0.9285216864677982,-0.12926310519861886,-0.025536670068907225,646.3107429014303,342.6720543481365,766.4210347822312,432.52481047897993
2.259,0.19097644826834634,0.8828042829296754,-0.12288977971920292,-0.045717403538122814,628.4726521687727,347.2729034088623,744.3510418822857,442.52099418974467
2.274,0.07532745284206722,0.8167265437694615,-0.11564899542627911,-0.06607773916021391,611.288435334344,349.57463430576166,720.6247396075695,452.26627256259655
2.29,-0.03194920768849138,0.7305824100721204,-0.1072766605305586,-0.08614413369734104,595.208434110455,349.92345012147416,695.3039619537035,461.64133278034603
2.305,-0.12939823757656288,0.6249339341476692,-0.09744902988807151,-0.10564847592445122,580.6443848255807,348.74595847020447,668.400939029668,470.39622437301733
2.32,-0.21531168663656547,0.5004757583259564,-0.08591344906000259,-0.12445817582171285,567.9522107371547,346.53647738145014,639.9286609682993,478.13963316475025
2.336,-0.287886796308619,0.3579102498708926,-0.07257510967205354,-0.14256550845506374,557.4110064541762,343.82690161702635,609.9586577027037,484.3215433236164
2.351,-0.34547542269981574,0.19787082600288494,-0.0575886263911967,-0.16003942386800765,549.2033928536101,341.1371839821644,578.6907153201502,488.21028762030176
2.367,-0.3870089145225537,0.021063309647797845,-0.04153349182273794,-0.1768075163550871,543.3869645254128,338.90631452296594,546.5462273524793,488.8730410271793
2.382,-0.41282286248295436,-0.17099795424250966,-0.025813947960400666,-0.1920612638903075,539.8205036489189,337.39879264000183,514.295628675247,485.2111086274675
2.397,-0.4261182976246271,-0.3742386119683684,-0.013295435141672746,-0.20324065772585873,537.9990995759897,336.586559904743,483.1645077327501,476.2044940585806
2.413,-0.43419920287648933,-0.5802588573146963,-0.008080905251862208,-0.20602024534632785,536.897392889579,336.0810823585257,454.66132645396306,461.5291966416705
2.428,-0.44638680786851476,-0.7785516898254767,-0.012187604992025432,-0.1982928325107805,535.2436179695013,335.3019252868196,429.9062591720162,442.09162910497747
2.444,-0.4690028175269038,-0.9622560516361527,-0.022616009658389044,-0.18370436181067593,532.2004493869573,333.8029182666412,409.1279434130611,419.55347670975146
2.459,-0.5038584368063127,-1.1294677267257862,-0.03485561927940885,-0.16721167508963355,527.5787912501855,331.3589301235961,391.9510470011985,395.4301014093731
2.476,-0.5501805092708603,-1.2806452777185537,-0.0463220724645476,-0.15117755099276758,521.5738336508737,327.86452374204174,377.8437328866007,370.779068296213
2.49,-0.6062608102120727,-1.416734599310462,-0.05608030094121244,-0.13608932159190823,514.5302035553693,323.26765145695526,366.30681158688935,346.28560256817167
2.507,-0.6701658437060626,-1.5385648490772683,-0.06390503349398993,-0.12183024976680627,506.83260444208736,317.5578002726975,356.91051280871653,322.3916848674274
2.522,-0.7399891439943642,-1.646791214784321,-0.06982330028830161,-0.10822636570705266,498.8580157845635,310.77138181391615,349.29094909222397,299.38311763322315
2.538,-0.8139456708263048,-1.7419835088112332,-0.07395652683194054,-0.09519229402691237,490.94969051947567,302.99529116518806,343.1422071936185,277.4424464531711
2.554,-0.8904144073143784,-1.8247226583041924,-0.07646873648807365,-0.08273914949295931,483.40012293864993,294.3634922482103,338.21008806264217,256.6825451700962
2.57,-0.9679588061360909,-1.8956671067245494,-0.07754439882171255,-0.07094444842035706,476.44048353385966,285.0473155993392,334.28668659286694,237.1693664446499
2.585,-1.04533187946211,-1.955584350312635,-0.07737307332601925,-0.05991724358808558,470.236340811293,275.24222719960585,331.20463757806044,218.93782687364242
2.601,-1.1214682036841448,-2.0053538454178046,-0.07613632422203484,-0.04976949510516983,464.8891286427868,265.15406695744,328.83066567728184,202.002703904341
2.617,-1.1954656880479269,-2.045950556037053,-0.07399748436378216,-0.04059671061924817,460.442029925702,254.98702564006666,327.0587035130001,186.3656861378198
2.632,-1.2665610899396933,-2.0784179034293317,-0.0710954018917665,-0.03246734739227888,456.8885509854522,244.9345430705207,325.80308145402114,172.0195262514576
2.648,-1.3341036337783485,-2.103836722586743,-0.06754254383865525,-0.025418819157411184,454.1821775104618,235.17332290827142,324.99226797863395,158.95018157207272
2.663,-1.3975306054156111,-2.1232942544145557,-0.06342697163726273,-0.01945753182781259,452.24594851760116,225.86001296474217,324.56351419325006,147.13774187829694
2.679,-1.4563477231316857,-2.1378550691017093,-0.0588171177160746,-0.014560814687153647,450.98131437002843,217.1298375099038,324.45863514753995,136.55681694865586
2.695,-1.5101157241839571,-2.1485345865406424,-0.0537680010522714,-0.01067951743893323,450.2760754371289,209.09650556486827,324.62107585591275,127.1769042459863
2.71,-1.5584431866911084,-2.156275579780838,-0.04832746250715117,-0.007740993240195543,450.01144485974015,201.85292388867657,324.9943428173257,118.96309220277843
2.725,-1.6009843533766426,-2.1619283984065434,-0.04254116668553427,-0.005652818625705337,450.0683435807091,195.47248375290684,325.5217976426301,111.87728116989992
2.74,-1.637439889928826,-2.166236080429829,-0.03645553655218341,-0.004307682023285516,450.3329790705476,190.0108635957425,326.14768911900177,105.87993135527286
2.756,-1.667558323042989,-2.169825490416611,-0.030118433114162804,-0.0035894099867819435,450.7016685673414,185.50833924548238,326.81915836806917,100.93219800738139
2.771,-1.6911364203126094,-2.1732048718513286,-0.02357809726962047,-0.0033793814347174078,451.0848202360424,181.99252277890682,327.4888319162966,96.99821902115336
2.787,-1.708017787796871,-2.1767669195931743,-0.016881367484261705,-0.0035620477418454553,451.410015100457,179.48131613495707,328.11756401174785,94.04729770823045
2.803,-1.7180900576418905,-2.1807951851092824,-0.01007226984501941,-0.004028265516108281,451.62421853607896,177.98574382426796,328.6769177541564,92.05576517630438
2.819,-1.7212817982454356,-2.1854708713772637,-0.0031917406035451307,-0.0046756862679812805,451.6952379789117,177.51227975386666,329.15106129128486,91.00837949525575
2.835,-1.7175604653000518,-2.1908771550491273,0.0037213329453837556,-0.005406283671863755,451.6125807624745,178.0643255853201,329.53785727053037,90.89918413321558
2.851,-1.706932320109175,-2.196999069137879,0.01062814519087672,-0.006121914088751746,451.3878302738319,179.64261781857465,329.8490084971114,91.73178344006034
2.866,-1.6894444387919414,-2.2037184455337724,0.017487881317233726,-0.006719376395893508,451.05456508913454,182.24451016690494,330.109188582568,93.51900142401381
2.882,-1.6651879812492834,-2.2108050965358808,0.024256457542657962,-0.007086651002108525,450.66773782801147,185.86226769964534,330.3541597373948,96.28189637292508
2.897,-1.6343010985507855,-2.2179068775323754,0.030886882698497785,-0.007101780996494502,450.3023625667974,190.48068558574624,330.6279933198346,100.04813975548883
2.914,-1.596969575498535,-2.224542040126332,0.03733152305225052,-0.006635162593956884,450.0513749881549,196.0744609214701,330.9796703290633,104.84985267578857
2.928,-1.553423794783948,-2.230096969559845,0.04354578071458685,-0.005554929433512891,450.02263479585247,202.60574872575182,331.4595108994577,110.72111643107401
2.945,-1.5039318659249405,-2.233830974955603,0.04949192885900738,-0.0037340053957579788,450.33518929970796,210.0221972663558,332.1159888685811,117.69549121970293
2.96,-1.448790393651798,-2.2348877885411538,0.055141472273142374,-0.001056813585550459,451.11502441265327,218.25552092806885,332.99346209746705,125.803930805348
2.975,-1.3883157179404608,-2.2323117424456576,0.060474675711337314,0.002576046095496048,452.4905154152677,227.2204327215167,334.1311857336518,135.07343560648007
2.991,-1.3228390044183111,-2.2250660138851113,0.06547671352214972,0.007245728560546339,454.5876350276344,236.81364031366024,335.5637460127098,145.5266541449685
3.006,-1.252708192570598,-2.212051036771836,0.07013081184771298,0.013014977113275244,457.5247362118848,246.9126764159431,337.3228632667852,157.18247113093258
3.022,-1.1782988349869719,-2.1921226879045324,0.0744093575836261,0.01992834886730361,461.40650117256394,257.37457697246646,339.4404393905002,170.0574550926552
3.038,-1.100034721057227,-2.1641113969600574,0.0782641139297448,0.02801129094447497,466.3165336708314,268.03477662356255,341.95277255621727,184.16788851253753
3.053,-1.0184181259258858,-2.1268442488932484,0.08161659513134119,0.03726714806680883,472.3081414290822,278.70698351928326,344.90597470104194,199.53193749466362
3.068,-0.9340685304189701,-2.079172073351178,0.08434959550691568,0.04767217554207061,479.3931591987356,289.18514423343424,348.3627172535158,216.1712874414499
3.084,-0.8477675147664814,-2.0200022912383124,0.08630101565248874,0.05916978211286553,487.5292302674577,299.2488083342538,352.41040078438544,234.1112468268989
3.1,-0.760506053395293,-1.948335867007004,0.08726146137118836,0.07166642423130845,496.6067756090695,308.67309303616366,357.1706068261715,253.37793198976476
3.116,-0.6735286610227637,-1.8633031652706913,0.0869773923725293,0.08503270173631257,506.43780657383627,317.24383122913173,362.80920217762116,273.9908082226928
3.131,-0.5883671621057919,-1.7641891561002423,0.08516149891697178,0.099114009170449,516.749476437969,324.7772027521362,369.54580369439793,295.9487666030204
3.147,-0.5068560910439998,-1.6504340468430447,0.08151107106179212,0.11375510925719756,527.1853485721181,331.1412465147257,377.66075971512237,319.20821139593056
3.162,-0.43112286611837575,-1.5215925038808034,0.07573322492562401,0.12884154296224146,537.3163220615131,336.27456299729624,387.49786164542525,343.65215871359226
3.177,-0.36354915349879835,-1.37723559281735,0.06757371261957741,0.14435691106345322,546.6609526379006,340.1960984710477,399.46212239840986,369.04925039810087
3.192,-0.3067022751761279,-1.2167891196240026,0.05684687832267041,0.16044647319334746,554.7125326007284,343.0001583794924,414.01386581648546,394.9990541863896
3.207,-0.263224473489207,-1.039333568140297,0.0434778016869209,0.17745555148370556,560.9707036656712,344.83340093931076,431.66070249810184,420.8526327036691
3.223,-0.2356024890099207,-0.8434913043013029,0.027621984479286328,0.1958422638389942,564.9856691370862,345.85608192400616,452.9403352212735,445.58493004577093
3.238,-0.22550314295305776,-0.6278499298813223,0.01009934605686295,0.21564137441998063,566.4604808014946,346.2022593940774,478.34956854184355,467.59611072425014
3.254,-0.23176303805224377,-0.39319970810769195,-0.006259895099186008,0.23465022177363032,565.5459331141583,345.989442340965,508.074047681695,484.5426176378084
3.269,-0.2461285034314895,-0.14798870504876815,-0.014365465379245743,0.2452110030589238,563.4523539890556,345.47944724619595,541.334985797662,493.8398935392909
3.285,-0.25238971088571066,0.09011981038743788,-0.0062612074542211515,0.23810851543620604,562.54219932219,345.2477647620832,576.0418804275083,494.6390583840835
3.301,-0.23802857962840615,0.30819068754573653,0.01436113125730452,0.21807087715829868,564.6319124578621,345.7707048196299,610.1321728188635,488.70329839814536
3.318,-0.20030523401687306,0.5041693111291505,0.0377233456115331,0.195978623583414,570.1547293209029,347.0008837323485,642.6167706890146,478.3372936146277
3.332,-0.14096538492344907,0.6795350469224656,0.05933984909342398,0.17536573579331502,578.9251516403104,348.512123298457,673.1898648257463,465.191872390009
3.348,-0.06274580009019115,0.8352622678219196,0.07821958483325792,0.155727220899454,590.5943045818153,349.7048192066653,701.8151817627577,450.3523054102548
3.363,0.031522292478734545,0.9712603584966557,0.0942680925689257,0.1359980906747361,604.727560853686,349.9254820515001,728.5671915612194,434.56439666069
3.378,0.13910454411536027,1.0867241475685254,0.10758225163662574,0.11546378907186963,620.7984546114229,348.55108308516833,753.5645235204831,418.3591839505742
3.393,0.25747746794407556,1.1805912246808483,0.11837292382871525,0.09386707711232284,638.1962980284231,345.0553095095932,776.9209574718477,402.11202569888934
3.409,0.38446500740787876,1.2519207532928753,0.1269875394638032,0.07132952861202707,656.259487909435,339.0498832080349,798.6977666456872,386.0747356868437
3.425,0.5183620158300686,1.3001519141738336,0.13389700842218982,0.048231160880958274,674.3186996757139,330.29478454071386,818.8585213500336,370.39765164963603
3.44,0.6579765317019244,1.3252701592286575,0.13961451587185578,0.025118245054823976,691.7275610472567,318.68468538241063,837.2289958595155,355.14469728002246
3.455,0.8025021336076981,1.3280010208674733,0.1445256019057737,0.0027308616388156473,707.8645645182095,304.2364414266768,853.465023908757,340.29897357933544
3.471,0.9510849347766485,1.3102727967582126,0.1485828011689504,-0.01772822410926065,722.1069171224083,287.1200366784892,867.045205569513,325.75800430133233
3.487,1.101939276614978,1.2762159717582264,0.15085434183832966,-0.03405682499998626,733.8127998056957,267.7800457963907,877.3514096432721,311.33079189672776
3.502,1.251313815864656,1.233291065208758,0.1493745392496779,-0.04292490654946829,742.4097113597684,247.11129493473362,883.947265460632,296.78141451527335
3.517,1.3938862035907862,1.191278762930185,0.14257238772613032,-0.04201230227857292,747.6588262037841,226.39831517579626,886.9853471442565,281.96917590895475
3.533,1.5254816957000306,1.1579167962103756,0.13159549210924434,-0.03336196671980958,749.846020167079,206.79486865857896,887.2414023286586,266.9821510417659
3.548,1.6448303403220617,1.1361000843794862,0.11934864462203118,-0.0218167118308895,749.5891100896938,188.9050397669267,885.6388111494681,252.07527675829823
3.563,1.7526153194952625,1.125273859043321,0.10778497917320078,-0.0108262253361653,747.5274617763279,172.87716788692356,882.8853080540573,237.51657886083757
3.578,1.8501122608822265,1.123580299743866,0.09749694138696387,-0.0016935592994548453,744.1866388370828,158.64527619648936,879.4348203787856,223.51383090262254
3.594,1.9385579607499244,1.128955784377205,0.08844569986769779,0.005375484633338957,739.9701655535448,146.07085430944358,875.565091285064,210.21145078206598
3.609,2.018991235596165,1.139495383568963,0.08043327484624073,0.010539599191758144,735.1846181094378,134.9990844171756,871.4480164180022,197.7070287416511
3.625,2.092258971590574,1.1535313721471037,0.0732677359944091,0.014035988578140713,730.0637238770305,125.27766243458687,867.1938389401329,186.0669011432621
3.64,2.1590587429617005,1.1696251299959248,0.06679977137112672,0.016093757848821263,724.7859222218723,116.76254679991197,862.8765637539738,175.33706959995413
3.655,2.219978913169636,1.1865395228025966,0.06092017020793569,0.016914392806671744,719.486733022526,109.31967891761965,858.5483266342045,165.55021494725733
3.671,2.2755278504142304,1.2032109765599506,0.055548937244594504,0.01667145375735407,714.2678259133139,102.82560027947387,854.2474961223797,156.73007067072416
3.687,2.326152731718106,1.2187254455439172,0.05062488130387557,0.015514468983966507,709.2040885017565,97.1677722963246,850.0031782680805,148.89413231686564
3.703,2.3722503486580426,1.2322983307978241,0.046097616939936574,0.013572885253907051,704.3494382690176,92.24474614692569,845.8376133969241,142.0553504292955
3.719,2.414172299088704,1.243257564920162,0.04192195043066135,0.0109592341223379,699.7417698717569,87.96616875760483,841.7673235262424,136.22321082544033
3.734,2.4522264644839074,1.2510291164197198,0.038054165395203364,0.007771551499557827,695.4072345412033,84.25260436104908,837.8035275702124,131.4044413517385
3.749,2.4866761672064306,1.2551243566629966,0.03444970272252323,0.0040952402432767295,691.3639516356827,81.03518023586707,833.9521481634168,127.60347643583852
3.765,2.5177379843697496,1.255128889502738,0.031061817163318982,4.532839741311009E-6,687.6252102541777,78.25509239433806,830.2136178670706,124.82274226438724
3.781,2.5455788770768337,1.2506925467381218,0.027840892707084213,-0.004436342764616138,684.2022035734356,75.86302358532441,826.5826186587162,123.06278417945452
3.797,2.5703130619993284,1.241520321681321,0.024734184922494608,-0.009172225056800688,681.1063344095022,73.8185333788912,823.0478395685919,122.32223543525072
3.812,2.591998888436947,1.2273640717314107,0.021685826437618447,-0.014156249949910469,678.3511290963876,72.08948217866833,819.5918043992158,122.59761657305134
3.828,2.6106358725412924,1.2080148857671176,0.018636984104345312,-0.01934918596429313,675.9537940713462,70.65155135770846,816.1908002756666,123.88295271864791
3.844,2.6261619703478805,1.1832960925489107,0.015526097806588209,-0.0247187932182069,673.9364435753863,69.48792273730484,812.8149262328898,126.16919878812693
3.86,2.638451136957605,1.153056985549141,0.012289166609724664,-0.030239106999769637,672.3270162794968,68.58918341283541,809.4282783134754,129.44346796774832
3.875,2.6473112199372513,1.1171674576733137,0.008860082979646057,-0.03588952787582728,671.1598819177974,67.95352634225657,805.9892935137377,133.68806649195642
3.89,2.6524822740293708,1.0755138748982465,0.005171054092119298,-0.04165358277506715,670.4761141045112,67.58732182782529,802.4512892763473,138.8793490003162
3.907,2.653635467192161,1.0279966697024694,0.0011531931627899701,-0.04751720519577696,670.323369881738,67.50613731769965,798.7632574881854,144.98642688635795
3.922,2.6503728805658175,0.9745303020174414,-0.0032625866263433787,-0.05346636768502797,670.7552675420915,67.73627815970454,794.8710001479068,151.96979239080946
3.938,2.642228689956746,0.9150464137145718,-0.008144190609071133,-0.05948388830286952,671.8300900865294,68.31690253429986,790.7187233865612,159.77997088459392
3.954,2.628672449250221,0.8495011816396949,-0.013556240706525297,-0.0655452320748769,673.6085631108294,69.30271832681814,786.251228107317,168.35639075994436
3.969,2.609115458535513,0.7778880285247329,-0.019556990714707942,-0.071613153114962,676.1503693989088,70.7671820302221,781.4168328101292,177.62677065423932
3.985,2.5829214514159684,0.700256931609837,-0.026194007119544872,-0.07763109691489584,679.5089847815742,72.80596971947388,776.1711114975243,187.50746604253678
3.999,2.549423006016395,0.6167414951114644,-0.033498445399573654,-0.08351543649837272,683.7243840642211,75.54025746022609,770.481392108748,197.90537322105843
4.015,2.5079450662991007,0.5275946134723714,-0.04147793971729439,-0.08914688163909298,688.8132274540162,79.11902288117797,764.331701887735,208.72210933826722
4.031,2.4578366208741054,0.4332328227867991,-0.05010844542499526,-0.0943617906855723,694.756375543439,83.71917916581967,757.7274471602943,219.86117907556422
4.045,2.3985107953192744,0.33428822179087914,-0.059325825554830895,-0.09894460099591994,701.4840841980663,89.54195070308465,750.698615593556,231.23856286979225
4.061,2.329492299992031,0.23166513632814387,-0.06901849532724351,-0.10262308546273527,708.8600649343748,96.80365189366579,743.299839037017,242.79646664753983
4.077,2.250469386520501,0.1265966379965308,-0.07902291347152965,-0.10506849833161308,716.6667382430587,105.71918441312876,735.6055513871643,254.5187857455673
4.092,2.1613453812899794,0.020693861458210283,-0.0891240052305219,-0.1059027765383205,724.5952622020438,116.47742438834898,727.6991198791583,266.44530784184116
4.108,2.062282698372363,-0.08402096718565817,-0.09906268291761625,-0.10471482864386845,732.2448538882323,129.2094736558621,719.6565322756909,278.6803208434633
4.123,1.9537300734186338,-0.18510868144605547,-0.10855262495372933,-0.1010877142603973,739.1358681026989,143.95349959802658,711.5278641965128,291.3909375855202
4.138,1.8364215570794793,-0.2797467792930275,-0.11730851633915454,-0.09463809784697204,744.7392837978281,160.6231067034004,703.3224417124596,304.79191467404166
4.154,1.7113338912027003,-0.36481445667919565,-0.12508766587677897,-0.08506767738616818,748.5211259595584,178.98869010021028,695.0047307732098,319.1171862965891
4.17,1.579588951425102,-0.43703539408994424,-0.1317449397775983,-0.07222093741074859,749.9942017687638,198.68112329940325,686.5058970035751,334.5826875216098
4.184,1.4422932808625881,-0.4931679554783405,-0.1372956705625139,-0.056132561388396285,748.7632258527362,219.22245129757908,677.750418884158,351.3480780565218
4.2,1.300319661688669,-0.5302021371356538,-0.14197361917391918,-0.037034181657313314,744.5465467969639,240.07862034892338,668.6903863631217,369.4843502229718
4.215,1.1540517248673707,-0.545487310430639,-0.14626793682129816,-0.015285173294985265,737.1617283422486,260.71787445363344,659.336517135009,388.94905826064877
4.231,1.0031174543045487,-0.5366954315796637,-0.15093427056282196,0.008791878850975338,726.4726891357909,280.6514655958687,649.7778642510186,409.56191449701134
4.247,0.8461151426770213,-0.5015366948805782,-0.15700231162752748,0.03515873669908548,712.3066203050444,299.43451631932743,640.1905880092705,430.96123560447836
4.262,0.6802881166061546,-0.4371813457197409,-0.16582702607086663,0.06435534916083727,694.3525544294564,316.60872811516504,630.8444152857581,452.50102466837166
4.278,0.5010923874952227,-0.33942736401771256,-0.1791957291109319,0.09775398170202831,672.0575868867679,331.558747987566,622.1155095493932,473.00056963600093
4.294,0.3019849634963064,-0.20224867327498533,-0.1991074239989163,0.13717869074272723,644.6123896930841,343.21220159564757,614.4814882675239,490.15480528594287
4.309,0.07774474365197098,-0.022572583550519304,-0.2242402198443354,0.17967608972446603,611.6499673903119,349.54690989721144,608.2643673808406,499.5086974051492
4.325,-0.1558308256498276,0.17157826027581022,-0.23357556930179857,0.19415084382632952,576.7198633144906,348.18243902670787,602.3305103642962,495.97991788778415
4.34,-0.3605121237557611,0.3196862755296348,-0.2046812981059335,0.14810801525382458,547.0869776917688,340.3574439429866,594.2272897060559,482.75755273225565
4.355,-0.5360913695209164,0.41672444458678526,-0.17557924576515538,0.09703816905715043,523.3830590142734,328.9567538130117,584.0981686398768,466.119706038279
4.37,-0.6932805549295584,0.4752827150946474,-0.15718918540864202,0.05855827050786216,504.14041989244055,315.3730510197351,572.7788966986209,448.7475594601692
4.386,-0.8386807991048775,0.5034388835725535,-0.14540024417531905,0.028156168477906095,488.4357067918238,300.2666867955658,560.80179710537,431.6559899093721
4.402,-0.9758260555520704,0.5059166016007864,-0.1371452564471929,0.002477718028232899,475.7752257446572,284.07262016381503,548.4666392394184,415.2822173895273
4.418,-1.1064446011472295,0.4858488420901616,-0.13061854559515906,-0.020067759510624845,465.8831881846528,267.1764898494016,535.927059294481,399.81832382326434
4.433,-1.2311164999474788,0.4457385851621105,-0.12467189880024937,-0.04011025692805108,458.5707913771697,249.97778454793632,523.2394540285412,385.3216579625948
4.448,-1.3496385032706708,0.3879494472222215,-0.11852200332319192,-0.057789137939888977,453.65338141896143,232.90390903670894,510.3970377652926,371.7569157180533
4.464,-1.4612739261258032,0.3149291531732086,-0.11163542285513249,-0.07302029404901292,450.89873780452746,216.39553633514163,497.3611042360917,359.018285241405
4.479,-1.5649622123508156,0.22926432287826537,-0.10368828622501235,-0.08566483029494319,450.00255275961035,200.87511220224263,484.0917264319661,346.95018960539164
4.495,-1.659510916175556,0.13362551098861614,-0.09454870382474027,-0.09563881188964922,450.58988384621057,186.71025993816428,470.5741140426735,335.3730681433599
4.51,-1.7437674220762667,0.030648667071693322,-0.08425650590071071,-0.10297684391692281,452.2383358958606,174.1835203566507,456.83491625183683,324.1130753117397
4.526,-1.8167574211046094,-0.07720670295272762,-0.07298999902834266,-0.10785537002442094,454.51443638310093,163.4767090875807,442.9449329991393,313.02986549508853
4.541,-1.877776643651021,-0.18778918712053216,-0.06101922254641171,-0.11058248416780454,457.01243895133297,154.67277434748823,429.00932781248093,302.0356793356334
4.556,-1.9264283690645718,-0.2993534093493594,-0.0486517254135508,-0.11156422222882724,459.3860085380525,147.77256080239658,415.1506435450275,291.1016663041538
4.571,-1.9626085909972015,-0.41061334954871465,-0.03618022193262979,-0.11125994019935523,461.36721906901596,142.72040458119685,401.4914537769164,280.25182910186925
4.586,-1.9864495943982812,-0.5207528987687848,-0.023841003401079697,-0.11013954922007022,462.7720898509532,139.43185097656408,388.1420833093472,269.54857597223804
4.601,-1.9982376960472052,-0.6294052406567878,-0.011788101648924153,-0.10865234188800296,463.49559125220037,137.81844009343558,375.1959804733772,259.0751048022603
4.617,-1.9983207038446356,-0.7366172580723239,-8.300779743028106E-5,-0.10721201741553613,463.5007532768009,137.80710937736356,362.7328517886426,248.91890006436864
4.632,-1.9870165572736036,-0.842814619875645,0.011304146571031964,-0.10619736180332102,462.80645179677947,139.35405758494142,350.82862848700904,239.15870220033912
4.647,-1.9645296118535487,-0.9487786593821298,0.022486945420054853,-0.10596403950648481,461.47751009844274,142.45419397147202,339.57184033235575,229.85561088722773
4.662,-1.930878976774987,-1.055637481971829,0.033650635078561586,-0.10685882258969918,459.61984424654446,147.14726241115258,329.0876730403487,221.0482250584442
4.678,-1.8858502574235192,-1.1648553966169417,0.0450287193514677,-0.1092179146451126,457.38304965985367,153.51983782648514,319.57336272764445,212.75234737695484
4.694,-1.8290117573420408,-1.2781578202371975,0.056838500081478324,-0.11330242362025572,454.97291742511595,161.69666698813586,311.35000931646766,204.96860092243995
4.709,-1.7599182650539658,-1.3972101636735275,0.06909349228807507,-0.11905234343633003,452.67454705392186,171.80051570980584,304.92878978489387,197.70787391170398
4.724,-1.6787731297347892,-1.5226574039324219,0.08114513531917664,-0.1254472402588943,450.87357500279336,183.8349337287936,301.0473431340982,191.05298360587173
4.739,-1.5877313672991327,-1.6522457502024441,0.09104176243565665,-0.1295883462700223,450.0215091556977,197.45986534499968,300.51878479658683,185.25595575816138
4.755,-1.49162587186833,-1.7797083664828228,0.09610549543080281,-0.1274626162803786,450.4698515754535,211.86316619343623,303.73128178291256,180.7538085137991
4.77,-1.3956067331938684,-1.8979423155421233,0.09601913867446155,-0.1182339490593006,452.29597328730034,226.14422484706913,310.2514765191576,177.94297032101872
4.785,-1.3020434901782982,-2.0032716476540684,0.09356324301557024,-0.10532933211194502,455.38457933576825,239.8293874683919,319.19491778221317,176.961461735725
4.802,-1.2107699252993476,-2.095150924082325,0.09127356487895075,-0.09187927642825666,459.6168715822266,252.8448413342206,329.7697847406894,177.74667864853114
4.817,-1.1206181305889715,-2.1741041631100977,0.0901517947103761,-0.0789532390277724,464.94456317267213,265.26889751925995,341.42505945460357,180.16347935307004
4.832,-1.0302506459020455,-2.2406104114619962,0.09036748468692604,-0.06650624835189842,471.38580007622477,277.19059254836156,353.79523460365215,184.06455477244947
4.847,-0.9384141714202687,-2.2947669588179656,0.09183647448177681,-0.054156547355969496,479.0067326030089,288.66018973925225,366.62948725096544,189.30549821898927
4.862,-0.8439825955883685,-2.336240450848695,0.09443157583190023,-0.04147349203072924,487.90568369403695,299.67378919203736,379.7444765996536,195.74519216558892
4.877,-0.7459526671887282,-2.364299262458413,0.09802992839964028,-0.028058811609718428,498.1992304769724,310.1662531110114,392.9963283800163,203.24408800770706
4.893,-0.643447152978748,-2.37787064959175,0.10250551420998028,-0.013571387133336546,510.00647482874655,320.00485584863213,406.264298404573,211.6648317080789
4.909,-0.5357438983222411,-2.3756175393646997,0.1077032546565069,0.0022531102270503204,523.4278723964169,328.98336820792275,419.44185748614757,220.87736142253988
4.924,-0.42233765558090935,-2.3560441504508987,0.11340624274133176,0.019573388913800886,538.5159263336259,336.8199864251852,432.4339644167591,230.76991638339587
4.938,-0.30303537717272205,-2.3176396257476,0.1193022784081873,0.03840452470329833,555.2372028913531,343.16526113205714,445.1616604605964,241.26641443311422
4.954,-0.17807838179443172,-2.2590606409781295,0.12495699537829033,0.058578984769470446,573.4291991858736,347.6278853878766,457.5767469951048,252.34824789179015
4.969,-0.048275679176835035,-2.1793404740101674,0.1298027026175967,0.07972016696796194,592.7614605072179,349.8252433537534,469.68928656525367,264.074208367586
4.984,0.0848754657436592,-2.0780982455475296,0.13315114492049424,0.1012422284626378,612.71603962459,349.46003591684917,481.6072689309607,276.58692532586844
4.999,0.21910948380629125,-1.9557141104635598,0.13423401806263205,0.12238413508396986,632.6040726275371,346.4137099048388,493.5796766322549,290.0912692781493
5.014,0.3513802027677301,-1.8134357527198037,0.13227071896143885,0.14227835774375613,651.6291007888228,340.83478246419656,506.02302173963733,304.7949469495562
5.029,0.47794292290135887,-1.653382246473491,0.12656272013362882,0.16005350624631276,668.9930374292737,333.1914441181671,519.5042793155409,320.8176331605888
5.045,0.5945572861031776,-1.4784067478524252,0.1166143632018187,0.17497549862106596,684.0213100099544,324.2594844034496,534.6610423338702,338.09821410412934
5.061,0.6968232972846968,-1.2917792555310532,0.10226601118151925,0.18662749232137188,696.2677146797507,315.0327219113679,552.0687228926338,356.34435184264714
5.077,0.7806123017027119,-1.0966813579457995,0.0837890044180151,0.19509789758525387,705.5571871362886,306.572417838175,572.1026173272965,375.0551002994868
5.092,0.8424716055934274,-0.8955753876683734,0.06185930389071549,0.201105970277426,711.9435823043191,299.84304873588417,594.8582521325951,393.6035172638218
5.108,0.8798236278326674,-0.6895722232589744,0.037352022239240064,0.20600316440939903,715.5939736775384,295.59306067616285,620.1628932448932,411.320796709743
5.123,0.8908155362884387,-0.4778955886130307,0.010991908455771263,0.21167663464594366,716.6377196104496,294.3167130686505,647.6509867806828,427.5114227739326
5.139,0.8737920688369291,-0.2574114765160421,-0.017023467451509594,0.22048411209698862,715.0152993575255,296.28852950221426,676.8285738192837,441.34635932420974
5.154,0.8265035374498765,-0.02208799728277186,-0.0472885313870526,0.23532347923327027,710.335078110531,301.61776684390884,707.0221479186386,451.58117735975316
5.17,0.7455838660055206,0.23729221053863184,-0.08091967144435583,0.2593802078214037,701.760133156271,310.2037898623183,737.0208700779003,456.00049912471434
5.186,0.6297342672456296,0.5288060768261242,-0.11584959875989093,0.29151386628749243,688.3395026652754,321.2276052260862,764.0149310332739,450.73910873569696
5.201,0.4996156161152279,0.8325053007021815,-0.13011865113040172,0.3036992238760573,671.8632261900552,331.6650170757478,782.8061992250482,432.6187526884373
5.217,0.3998919951530275,1.0970147313303964,-0.09972362096220043,0.2645094306282148,658.3978291478763,338.1654571548744,791.8752218441595,406.6036456098754
5.232,0.3349876350011323,1.3225114588009268,-0.06490436015189516,0.22549672747053048,649.3136238324541,341.66215621862887,794.7139228581257,378.52342373950114
5.246,0.2957535663049916,1.5238917353354082,-0.03923406869614069,0.20138027653448137,643.7191172040483,343.48741683819765,793.5541444004506,350.5205260406336
5.262,0.2761446820427763,1.7105689502478811,-0.019608884262215295,0.186677214912473,640.8972644479832,344.31705983934035,789.4344193650034,323.41936596759604
5.277,0.27260368880390584,1.8880791494614246,-0.0035409932388704643,0.1775101992135435,640.3859833851358,344.4609717052171,782.898980290187,297.6630474655582
5.292,0.2828790273888616,2.0598600079618614,0.01027533858495578,0.17178085850043698,641.868210651519,344.03837314007694,774.2841798006195,273.5684425717526
5.307,0.3053785521075853,2.2281549853300398,0.022499524718723705,0.1682949773681781,645.0981351687877,343.0599811418195,763.8394738912554,251.40576968159132
5.322,0.33882609893100013,2.394471786527563,0.033447546823414845,0.16631680119752326,649.8570242858184,341.4718245070845,751.7864205192365,231.4245701865388
5.337,0.3820722602625118,2.5598354840666833,0.04324616133151168,0.16536369753912056,655.926615966373,339.1840997619694,738.3505504653366,213.85934154672066
5.352,0.43399112228587317,2.724946446534514,0.051918862023361365,0.1651109624678306,663.0742899125429,336.0942098402004,723.7786680615392,198.9265078344306
5.369,0.493430705189972,2.8902931226280946,0.05943958290409884,0.16534667609358064,671.0475204872387,332.1069636037987,708.346952740112,186.81844942042179
5.383,0.5591983860027885,3.056240294472883,0.06576768081281646,0.16594717184478844,679.5760283656937,327.1520967563741,692.3633430422894,177.69814202997108
5.4,0.6300659738313936,3.2230969894172925,0.07086758782860512,0.16685669494440972,688.3797097996029,321.1982957625147,676.1675906747845,171.69624177501512
5.415,0.70477859669751,3.3911584327312405,0.07471262286611638,0.16806144331394796,697.1797785511633,314.2632514885992,660.1322964571038,168.9102877400387
5.43,0.7820507814554671,3.5607112109434476,0.07727218475795711,0.1695527782122069,705.7103801379678,306.4204657530042,644.667061253623,169.40326530143975
5.446,0.8605344637951654,3.7319898030106136,0.07848368233969831,0.17127859206716606,713.7286738266856,297.8048503379222,630.2250258311674,173.1969020704036
5.461,0.9387493790009582,3.9050768505368185,0.07821491520579282,0.17308704752620505,721.0229801664894,288.61962689845575,617.3065706971449,180.2549352005264
5.476,1.014979615581909,4.0797525255604326,0.0762302365809508,0.174675675023614,727.4204694550046,279.14558714082705,606.4497522074342,190.4546317473464
5.492,1.087164970196688,4.255325759684724,0.07218535461477885,0.17557323412429152,732.7968289986984,269.74956779715893,598.193967620906,203.55236461673132
5.508,1.1528504694919801,4.43052220473719,0.06568549929529222,0.17519644505246557,737.0886917235526,260.8825968690951,593.0080112162854,219.16021073691468
5.523,1.209281017571118,4.603538155983007,0.05643054807913789,0.17301595124581734,740.3042917503092,253.05380020737562,591.1920523259981,236.75840043115227
5.538,1.2536953927989425,4.772342714226639,0.04441437522782464,0.16880455824363183,742.5215065598163,246.77200196613597,592.7910095841586,255.75967549283632
5.555,1.283757831732068,4.93518449667641,0.030062438933125407,0.16284178244977093,743.8629781589801,242.4669696967986,597.5704423012287,275.61050530041985
5.569,1.2979346332605861,5.091103839134293,0.014176801528518093,0.15591934245788333,744.450547122451,240.4232536546055,605.0794640591168,295.8822583856068
5.585,1.2956167230745206,5.240223916729739,-0.002317910186065558,0.14912007759544546,744.356461689848,240.75796815823236,614.7715277919186,316.3075869969087
5.6,1.2769394075224387,5.383744911579161,-0.018677315552081773,0.1435209948494222,743.5700784409835,243.4468937491493,626.1232387429245,336.75412736443997
5.616,1.242413033782063,5.523750625691213,-0.03452637374037577,0.14000571411205281,741.9847484360296,248.37696984679172,638.7080126610604,357.1607730882082
5.632,1.192515371626391,5.663006917349681,-0.04989766215567194,0.13925629165846773,739.3951338034777,255.39852590015863,652.2180829638485,377.4647448426027
5.647,1.127323291027162,5.804891326687223,-0.06519208059922903,0.14188440933754215,735.4900359982788,264.36186872042424,666.4502449538512,397.52908410222074
5.662,1.0461676128263866,5.953535847027254,-0.0811556782007753,0.14864452034003145,729.8264963043323,275.13375311630057,681.2697888612679,417.057134425684
5.678,0.9472349525158625,6.11424411156786,-0.098932660310524,0.1607082645406063,721.7706023998005,287.5894993203507,696.5497954567885,435.4540011358416
5.694,0.8270638553531351,6.294193063446866,-0.12017109716272747,0.17994895187900628,710.3919990414156,301.55592817575985,712.0431291362719,451.5468404651711
5.708,0.6803955165259143,6.5027414849645915,-0.14666833882722072,0.20854842151772532,694.365077653309,316.5985939858838,727.0345491484517,462.99772524091566
5.724,0.5045085474658797,6.745574669958661,-0.1758869690600346,0.24283318499407033,672.5065912803123,331.31182056810326,739.419766103212,465.5601987151783
5.739,0.32137625917852036,6.993975452941693,-0.18313228828735933,0.24840078298303142,647.3808984377836,342.32023912019133,745.2458160230622,455.997228462919
5.755,0.16884944294369122,7.196980229208127,-0.15252681623482914,0.203004776266434,625.2072398743205,347.8668152694122,743.9813148310674,439.47860009084815
5.769,0.0445307515186604,7.358197968662285,-0.12431869142503083,0.1612177394541585,606.6774053482118,349.8513004875689,738.6168314240394,421.2094664307965
5.785,-0.0616195219352912,7.490952290687962,-0.1061502734539516,0.13275432202567625,590.7629197792975,349.71531768324945,730.9867254899498,402.98148247874815
5.801,-0.15589939074662823,7.603190602722476,-0.09427986881133704,0.1122383120345142,576.7097032259445,348.18084247356813,722.0171653752092,385.40639074004804
5.817,-0.24211238797331391,7.699357770012851,-0.0862129972266857,0.09616716729037485,564.036909416823,345.6250531869644,712.2473387369305,368.72632243238553
5.833,-0.3227104772403442,7.782024167420654,-0.0805980892670303,0.08266639740780302,552.4292575572152,342.2568960136634,702.0410843188969,353.0412037351886
5.849,-0.39936872584372635,7.852725863237534,-0.07665824860338216,0.07070169581688014,541.674476587136,338.1959960296081,691.6743583151408,338.3843615906429
5.864,-0.4732655946847831,7.9124145164270665,-0.07389686884105673,0.05968865318953246,531.630695091715,333.51268908368957,681.3746878154146,324.75274369775303
5.879,-0.5452188850316592,7.961726395872184,-0.0719532903468761,0.04931187944511716,522.2092121027607,328.2520694504643,671.339384044048,312.1216070652103
5.894,-0.6157490216299526,8.00116265315085,-0.07053013659829338,0.039436257278665954,513.3644787959703,322.45115951148085,661.7427405810001,300.4536271577565
5.91,-0.6851079029717365,8.031218067896656,-0.06935888134178389,0.030055414745806454,505.0865145075521,316.1526162928536,652.7367187970497,289.70611986573454
5.925,-0.753297400937219,8.052469150228646,-0.06818949796548243,0.021251082331988934,497.3928417693646,309.4155888337368,644.4477328978985,279.83757343082226
5.94,-0.820093704443226,8.065621191078048,-0.06679630350600711,0.013152040849402795,490.31853694870995,302.3229039019539,636.9717097120537,270.81343043055375
5.957,-0.8850862368529955,8.07151293373936,-0.06499253240976942,0.005891742661311938,483.9045604281099,294.983413871105,630.369543204991,262.6104495309659
5.972,-0.9477315828144229,8.07108358804361,-0.06264534596142748,-4.2934569575049306E-4,478.18591301964045,287.52901355060163,624.6647814894819,255.2189363022432
5.988,-1.0074156069049462,8.065314929020834,-0.059684024090523376,-0.005768659022776154,473.18182785873273,280.10712337082083,619.8446439003194,248.64256567884422
6.003,-1.0635133860307902,8.055165905258669,-0.056097779125843995,-0.01014902376216648,468.8898463449243,272.8706223971118,615.8644381812046,242.89614401034433
6.019,-1.1154376625119797,8.04151587267362,-0.051924276481189635,-0.013650032585049425,465.28449735448334,265.9676689520388,612.6545369023318,238.00212866286174
6.035,-1.1626707721517227,8.025126494244168,-0.04723310963974284,-0.01638937842945167,462.3200426083881,259.5334303786027,610.1286072428938,233.9868411603307
6.051,-1.2047798113890906,8.006624943959762,-0.042109039237368064,-0.01850155028440572,459.935934876965,253.6847991633592,608.191826793244,230.87711378959534
6.066,-1.2414182263699731,7.98650532247222,-0.036638414980882585,-0.02011962148754279,458.06344758122486,248.51819336570873,606.7481846169916,228.6977752922954
6.082,-1.2723184547672675,7.9651423047456715,-0.030900228397294234,-0.02136301772654791,456.6322197257766,244.10985807324727,605.706421527728,227.47007570955475
6.098,-1.2972801584676534,7.942810600348101,-0.02496170370038608,-0.022331704397570463,455.5759398129999,240.51778423238093,604.9845349489883,227.2109551777081
6.114,-1.3161576955078118,7.919704788639124,-0.018877537040158404,-0.02310581170897637,454.8368420845563,237.7843563398392,604.512993703123,227.93297894092538
6.129,-1.3288493859904171,7.895955572011925,-0.012691690482605367,-0.023749216627199674,454.3689988146234,235.9389968383211,604.2368823527793,229.64475472399533
6.144,-1.3352901325878699,7.871639938070878,-0.00644074659745284,-0.024315633941046643,454.1405470541492,235.00028551793727,604.1171614840573,232.35167755474484
6.16,-1.3354481243578542,7.846783972032157,-1.5799176998442226E-4,-0.024855966038720374,454.1350191175413,234.97724048806523,604.1311336590079,236.05688045732566
6.176,-1.3293256090331351,7.821358180592104,0.006122515324719002,-0.025425791440053056,454.35190035055336,235.86963992717045,604.2720857014615,240.7622899605734
6.192,-1.3169629539505676,7.795266323691279,0.01236265508256754,-0.02609185690082538,454.80646298077846,237.66745024351857,604.5479756799386,246.46968715053572
6.208,-1.2984443721337788,7.7683299843565115,0.018518581816788886,-0.026936339334767242,455.5288663412337,240.34961634700988,604.9789872522227,253.18166059922297
6.223,-1.2739028373381773,7.7402723373831135,0.02454153479560148,-0.02805764697339829,456.5625128104265,243.88265339221115,605.5938219243168,260.9023156626585
6.239,-1.243521083705598,7.710705448632574,0.030381753632579275,-0.029566888750540234,457.96173463982706,248.21961399133238,606.424761700981,269.63758765456856
6.254,-1.2075255329626584,7.6791253930254575,0.03599555074293964,-0.03158005560711655,459.7890595211902,253.3000203569159,607.5017932736854,279.3950062232555
6.269,-1.1661708163882532,7.644918009747652,0.041354716574405204,-0.0342073832778051,462.1125167041374,259.05118077001686,608.8463691131868,290.1827813905969
6.285,-1.1197142632821244,7.6073751317547735,0.04645655310612869,-0.037542877992878226,465.0036127557898,265.3909430350353,610.4655736523671,302.00812386757127
6.3,-1.0683818336501691,7.565717265591647,0.051332429631955334,-0.04165786616312664,468.53663470731067,272.2314584230509,612.3474456580575,314.87475395339845
6.316,-1.0123285908671933,7.519115200251913,0.056053242782975896,-0.04660206533973354,472.7897949577409,279.48310344410567,614.4579270101234,328.77955727994186
6.331,-0.9515970205113198,7.466701118681679,0.060731570355873475,-0.05241408157023347,477.84848596171236,287.05749604803725,616.7394192174768,343.70825649609134
6.346,-0.8860748285112965,7.407559850123174,0.06552219200002334,-0.059141268558505704,483.81071736358854,294.86859649239096,619.1103776495461,359.6297108010907
6.362,-0.8154504534905057,7.340692006950467,0.07062437502079082,-0.06686784317270698,490.7948285144753,302.8310776021391,621.4649085969604,376.4879182297205
6.377,-0.739159898493903,7.264940934799766,0.07629055499660277,-0.07575107215070054,498.94990721902974,310.8552152537593,623.6710093590549,394.1897619974563
6.392,-0.6563128980378401,7.1788724683150855,0.08284700045606284,-0.08606846648467983,508.4700136357779,318.83712213010426,625.5658230087352,412.5845030390771
6.408,-0.5655798715838946,7.080589111446982,0.0907330264539455,-0.09828335686810377,519.614178165579,326.6416979039871,626.9459114216484,431.42671131834885
6.423,-0.4650159114690603,6.967451779503299,0.10056396011483425,-0.1131373319436831,532.7344464895416,334.07216456420645,627.5501640226906,450.30460284489504
6.439,-0.35181500255917686,6.83570218945039,0.11320090890988341,-0.13174959005290846,548.3096691593256,340.8123208301803,627.0343604076289,468.4932629784089
6.454,-0.2221547879642673,6.680206090705592,0.12966021459490956,-0.15549609874479883,566.9502049650381,346.3137418294912,624.95109167945,484.6463017723404
6.469,-0.07228597560039723,6.495918211190176,0.14986881236387006,-0.18428787951541503,589.1665440227055,349.60827594617894,620.8363414216781,496.22691027588485
6.484,0.09419325144842985,6.287967106168615,0.1664792270488271,-0.20795110502156075,614.1081040525906,349.3350642014168,614.8253711674803,499.3333492845667
6.5,0.2531836740393506,6.089917780445593,0.15899042259092072,-0.19804932572302214,637.5731102327871,345.217978871195,608.7631193086441,492.4252627363312
6.515,0.3858136392231343,5.927839830892928,0.13262996518378367,-0.16207794955266522,656.4469637864017,338.973883443245,604.2598219193964,479.6028357388269
6.531,0.4956214018970203,5.796793190910946,0.10980776267388606,-0.1310466399819824,671.3367560620405,331.9510031585396,601.2208344089861,464.5547645333314
6.547,0.5889228146307266,5.688057030961621,0.09330141273370635,-0.10873615994932474,683.3198434744389,324.73092512843397,599.2275962277982,448.94241394090193
6.563,0.6699474532066112,5.595751014102397,0.08102463857588457,-0.09230601685922413,693.1417198296188,317.57814434315924,597.9582751237347,433.50964072754095
6.578,0.7413250861506637,5.516134646192734,0.07137763294405258,-0.07961636790966296,701.2898780739622,310.6361631645,597.1876502661344,418.6302656212875
6.595,0.804719297995152,5.446727894454111,0.0633942118444882,-0.06940675173862301,708.0954085334961,303.9970319479194,596.754322483345,404.5115212376376
6.61,0.8612044518677584,5.385792651398339,0.05648515387260645,-0.06093524305577157,713.7941763794603,297.72863153713087,596.5386517267709,391.27616992496104
6.625,0.9114790169521482,5.332043728950061,0.05027456508438976,-0.05374892244827861,718.5615924316118,291.88660838272557,596.4497407254026,378.999728364051
6.641,0.9559912113050908,5.284484836192549,0.04451219435294257,-0.04755889275751172,722.532880750292,286.5199002255247,596.4176603569641,367.72920501963273
6.656,0.9950178342585347,5.242313644612494,0.03902662295344393,-0.04217119158005447,725.8153015262037,281.673189614894,596.3885286045636,357.49344054490757
6.672,1.0287173657969302,5.204866816876073,0.03369953153839547,-0.03744682773642073,728.4956939876823,277.3877033295594,596.3210914095763,348.3093109912568
6.687,1.057168275723058,5.171589111399609,0.02845090992612778,-0.03327770547646523,730.6451453539293,273.7010583061783,596.1840486789494,340.1857443696749
6.702,1.0803982376283354,5.142017245800448,0.02322996190527743,-0.029571865599161397,732.3218156450465,270.646564703447,595.953717820702,333.1264966477921
6.717,1.098407170490363,5.115772629407557,0.018008932862027732,-0.026244616392891013,733.5725592803728,268.25226301956053,595.6118489486776,327.13216115783916
6.733,1.1111855831729476,5.09255904825253,0.012778412682584452,-0.023213581155027276,734.4337858902222,266.53989187864585,595.1435548161938,322.2016518880435
6.748,1.118728991731745,5.0721626862972515,0.007543408558797325,-0.02039636195527836,734.9318938942663,265.52391937381697,594.5354163007325,318.3332848247328
6.764,1.1210488810914057,5.05445281713462,0.002319889359660803,-0.017709869162631557,735.0835389073607,265.210716268598,593.7738796114263,315.52552710663025
6.78,1.1181805738708988,5.039382200691849,-0.00286830722050684,-0.015070616442771384,734.8959391171676,265.59790857715984,592.8440803761214,313.777462624638
6.796,1.110188307223726,5.026986682975958,-0.00799226664717281,-0.012395517715890743,734.3673604162058,266.6739263489219,591.7292193660634,313.08901783606296
6.812,1.0971677245093265,5.017383731998218,-0.01302058271439944,-0.00960295097774015,733.4878617101074,268.4177665234934,590.4105824187232,313.46099188064596
6.828,1.079245840897916,5.010769692922525,-0.01792188361141045,-0.0066140390756930624,732.240314930005,270.799004987451,588.8682496411766,314.8949333121381
6.843,1.056578365990406,5.007415497100363,-0.0226674749075099,-0.003354195822163174,730.6016456530198,273.77811432073247,587.0824807752158,317.3928975115007
6.859,1.0293441182956415,5.007660531464231,-0.02723424769476438,2.450343638690845E-4,728.5441716831837,277.3071531378838,585.0356982345045,320.95710214621295
6.874,0.9977362118033583,5.0119044911890445,-0.0316079064922833,0.00424395972481317,726.03685495682,281.33087478069774,582.71492195518,325.5894730489823
6.889,0.9619497838344494,5.020597394912306,-0.03578642796890886,0.008692903723261177,723.0462375671792,285.788247566676,580.1144505934126,331.29104168402455
6.905,0.922166270966415,5.034228565458623,-0.03978351286803434,0.013631170546316504,719.536818428267,290.61428717397456,577.23854738049,338.06112117597496
6.921,0.8785345618414062,5.0533162007790695,-0.043631709125008813,0.019087635320446633,715.4706519074203,295.7419894720982,574.103895265609,345.8961529739939
6.937,0.8311496219906586,5.078400019520123,-0.047384939850747626,0.02508381874105348,710.806010297621,301.10404582371325,570.7416511842112,354.7880779575773
6.952,0.7800292056923549,5.110040172463823,-0.05112041629830369,0.03164015294370042,705.4950272433825,306.6339496920093,567.1990590408976,364.72203090439996
6.967,0.7250888566359645,5.14882605433615,-0.054940349056390406,0.03878588187232725,699.4802923779039,312.2660742540094,563.5407661521597,375.6730550173308
6.982,0.6661144284689307,5.195398916364371,-0.058974428167033834,0.0465728620282209,692.6903567754125,317.93429425254874,559.8502096005902,387.60132590003286
6.998,0.6027297916603075,5.250492603009793,-0.06338463680862319,0.05509368664542136,685.0340041628912,323.5686778112698,556.2316840065076,400.4449571328685
7.013,0.5343552804182883,5.314997810415537,-0.06837451124201926,0.06450520740574436,676.3929452212774,329.0895732443907,552.8139824623405,414.1086297166034
7.029,0.460150007498111,5.390057265914577,-0.07420527292017724,0.07505945549903957,666.6123774845145,334.3978837849039,549.7568620705333,428.4446195992469
7.045,0.37892968039605035,5.477200867353919,-0.08122032710206065,0.08714360143934191,655.4889433766313,339.35916605284706,547.2620503907378,443.21935878625186
7.061,0.2890572067648923,5.5785226802752685,-0.089872473631158,0.10132181292134962,642.7573008464473,343.77695651364445,545.590774034384,458.0514771526766
7.077,0.18834475530695993,5.696846111412762,-0.10071245145793238,0.11832343113749383,628.0849769548472,347.3473246090532,545.0876683763903,472.29309992271635
7.092,0.07420567783879961,5.83554847270979,-0.11413907746816032,0.1387023612970277,611.1206391810821,349.58720327689855,546.1951767818867,484.8080756755437
7.108,-0.054919301658353986,5.996621761241772,-0.1291249794971536,0.16107328853198266,591.7662452202015,349.7738471236756,549.3676079062113,493.65697870593135
7.122,-0.19428840686051752,6.173377757528637,-0.13936910520216353,0.17675599628686475,571.0397431242139,347.1777956136335,554.6016913830999,496.274376576969
7.139,-0.327585069162794,6.343174564028806,-0.1332966623022765,0.16979680650016962,551.7363811656824,342.02331884946113,560.7293735642436,491.75349646145565
7.154,-0.4418293573872414,6.488217145099826,-0.1142442882244474,0.1450425810710202,535.8609201647629,335.5956431375621,566.400669824833,482.4538185678058
7.17,-0.5371918288085781,6.608969008254633,-0.09536247142133669,0.1207518631548067,523.2411937774368,328.87236192173634,571.2488981698863,470.9823908393578
7.186,-0.6174769321646674,6.7108747534515185,-0.0802851033560893,0.10190574519688597,513.1530235854643,322.3012783565776,575.3684451851738,458.79025708808695
7.201,-0.6858142013918881,6.798444866883845,-0.06833726922722068,0.08757011343232624,505.004499779138,316.0855500817746,578.9186085837152,446.6102776992844
7.216,-0.7443329395883158,6.874827495658575,-0.058518738196427736,0.0763826287747311,498.3778032577682,310.33099804353776,582.036528255333,434.83488445589774
7.232,-0.79445064777661,6.9422068366572205,-0.050117708188294204,0.06737934099864482,492.9781808634792,305.1015234366745,584.8297170362212,423.69028893622544
7.247,-0.8371215053632706,7.0021376775711115,-0.042670857586660504,0.05993084091389092,488.5921875741945,300.44052633522256,587.3816920233053,413.3149424386918
7.262,-0.8729987894379535,7.05575725464172,-0.035877284074682936,0.05361957707060816,485.06112053038873,296.3797384633833,589.7580249324533,403.7974195434782
7.278,-0.9025382339103426,7.103913519940047,-0.029539444472389143,0.04815626529832727,482.26467358622153,292.9429551619758,592.0110392878025,395.196244670406
7.294,-0.926065493911617,7.147242843972513,-0.02352726000127439,0.04332932403246547,480.1107658734742,290.14749880365554,594.1833068127406,387.5510685722188
7.309,-0.9438218332656356,7.186217599321424,-0.017756339354018623,0.038974755348911094,478.52905970151596,288.0046059192479,596.3102909762678,380.8893816330506
7.324,-0.955996096726464,7.221175760900745,-0.012174263460828446,0.034958161579321495,477.4666965650006,286.5193015997377,598.4223862101517,375.23075036744683
7.34,-0.9627475230853914,7.252339831108721,-0.006751426358927353,0.03116407020797559,476.8853649402931,285.6900614663987,600.5464856416685,370.5895739907935
7.355,-0.9642219864807997,7.27982960722333,-0.0014744633954083776,0.02748977611460955,476.7591519552793,285.50844036244655,602.7071256560988,366.97688775564086
7.371,-0.9605631509702459,7.303671637812173,0.003658835510553845,0.02384203058884368,477.0728374917392,285.95878499413334,604.9272050013775,364.4015074654394
7.386,-0.9519194030314079,7.323807165745404,0.008643747938838094,0.02013552793323039,477.8204264948632,287.01811201182704,607.2282551763931,362.87069190158314
7.402,-0.9384470737138613,7.340099661832387,0.013472329317546595,0.016292496086982945,479.0038155449079,288.6562087352563,609.6302424357018,362.39043822023905
7.417,-0.9203102602082529,7.352342565026309,0.018136813505608362,0.012242903193921547,480.631568455732,290.8359925946836,612.1509042401012,362.96548943778055
7.432,-0.8976774466993962,7.360267465599143,0.022632813508856705,0.007924900572833907,482.71783861337815,293.5141412861306,614.8046575534885,364.5991063791972
7.448,-0.8707150795469226,7.363552625991408,0.026962367152473608,0.0032851603922660778,485.2815234231066,296.64197396512947,617.601154696734,367.2926298687463
7.463,-0.8395782570243715,7.361831380309003,0.031136822522551136,-0.0017212456824048789,488.3457666004285,300.16652217160186,620.5435947869126,371.04482789893154
7.479,-0.8043987286499585,7.354699563081482,0.035179528374412954,-0.0071318172275214135,491.93793528056284,304.0316786780458,623.6269146675902,375.8509846340566
7.494,-0.7652704250909286,7.341720695072293,0.03912830355902997,-0.012978868009189081,496.0901920307841,308.1792577521249,626.8359728794663,381.701640672351
7.509,-0.7222326955361513,7.3224272244961295,0.043037729554777304,-0.01929347057616307,500.8407629429881,312.5497476952806,630.143796342261,388.580830508473
7.525,-0.6752512375320259,7.296315711411888,0.04698145800412548,-0.02611151308424105,506.2359840162867,317.08248932528704,633.5098787743434,396.46356838771294
7.54,-0.6241962866667051,7.26283344486484,0.05105495086532074,-0.033482266547048334,512.3332046751907,321.71496620168773,636.8784032515827,405.31217615254127
7.556,-0.5688169381069508,7.22135353856367,0.05537934855975435,-0.04147990630117003,519.2046524458723,326.3808205923973,640.1761110935809,415.070764738539
7.571,-0.5087095226584285,7.171134993854523,0.060107415448522286,-0.05021854470914695,526.9424124457612,331.0060643663289,643.3093559325623,425.6566558253347
7.587,-0.4432770130893384,7.111263706523116,0.06543250956909007,-0.05987128733140665,535.664691635707,335.50264978099625,646.1596668028566,436.94652817102525
7.602,-0.3716765674764149,7.0405711792442744,0.0716004456129235,-0.07069252727884096,545.5232950936066,339.75796443330785,648.5769369851033,448.7531335597382
7.617,-0.2927576157834129,6.9575352451366825,0.078918951693002,-0.08303593410759169,556.7109595593064,343.61775300332476,650.3694110752753,460.7847042294743
7.632,-0.20501849045876552,6.860202300894618,0.08773912532464741,-0.0973329442420646,569.4622105264889,346.858583045294,651.291159862143,472.57263576265314
7.648,-0.10670894616350284,6.746307926003096,0.09830954429526269,-0.1138943748915217,584.0240176189645,349.14680012310305,651.0356128793591,483.3460776943965
7.663,0.0034639677473370795,6.614232350231392,0.11017291391083991,-0.1320755757717044,600.5195941229912,349.99910007045827,649.2746037708439,491.85448077291096
7.679,0.12389125412489743,6.466375319873922,0.12042728637756035,-0.14785703035746928,618.5361842861089,348.8502934901756,645.8612539442416,496.34043067967787
7.695,0.24603077040021898,6.314735131544689,0.12213951627532156,-0.15164018832923365,636.5334276890532,345.4830184636294,641.2651162722823,495.4083702996392
7.71,0.35761011508397567,6.176378016953469,0.11157934468375666,-0.13835711459121935,652.5054815530394,340.5104067565226,636.5148315470339,489.6556350153759
7.726,0.4534789033190905,6.058354491507383,0.09586878823511485,-0.11802352544608669,665.7143196096896,334.8392680128291,632.2731037516251,481.06404389548976
7.742,0.5348330711734953,5.958885864162558,0.08135416785440479,-0.09946862734482513,676.4546143039769,329.0530586682475,628.6578906706314,471.23418684606725
7.757,0.6041443051016039,5.874418744896659,0.06931123392810852,-0.08446711926589826,685.2087085902344,323.44827248845775,625.5870365440154,461.090040213277
7.773,0.6634613422934987,5.801967980449089,0.059317037191894864,-0.0724507644475699,692.3771410794657,318.1797944065926,622.9483517165925,451.1446138424335
7.789,0.7142548842348755,5.73932990713952,0.05079354194137681,-0.06263807330957007,698.2581904308703,313.3372313639734,620.6423445613624,441.695248137219
7.805,0.7575519142364392,5.684902352938009,0.043297030001563694,-0.05442755420151118,703.0717382654111,308.97805637350393,618.5880628570759,432.923643586196
7.821,0.7940708759774113,5.637506944375816,0.03651896174097209,-0.04739540856219298,706.9818968251286,305.14215972528586,616.7208398697848,424.9459225931698
7.836,0.8243195311049053,5.596264693348126,0.030248655127493924,-0.041242251027689664,710.1128812967736,301.85849681063746,614.9890007497442,417.83887165774024
7.851,0.8486618630094644,5.560515079423103,0.024342331904559093,-0.03574961392502292,712.559487737698,299.1481806198532,613.3510160324969,411.65453218241305
7.866,0.8673638727448025,5.52976425806345,0.018702009735338084,-0.03075082135965352,714.3939657652593,297.02587591203024,611.7732792807277,406.4287767211198
7.883,0.8806253755445778,5.503651834309258,0.013261502799775175,-0.026112423754192236,715.6705780351331,295.500352758606,610.2284257011456,402.1865866933372
7.898,0.8886022786215954,5.481929277275053,0.007976903077017561,-0.021722557034205253,716.4286869171917,294.57463117950044,608.6940955256923,398.94540207684827
7.914,0.8914220541271347,5.464445536647142,0.002819775505539371,-0.017483740627910076,716.6949029225037,294.24595286752333,607.1520788088901,396.717264390378
7.929,0.8891940314160752,5.451137026180724,-0.0022280227110594592,-0.01330851046641757,716.4846313312171,294.50571762401694,605.58780772708,395.510145816611
7.945,0.882015478284497,5.44202019042201,-0.007178553131578252,-0.009116835758714255,715.8032215343471,295.33946655119763,603.9901785603981,395.32868307431
7.96,0.8699740504322571,5.437185596669319,-0.012041427852239904,-0.004834593752691177,714.6468305696992,296.72695715426323,602.3516889545177,396.1744366076226
7.975,0.8531469541778313,5.436793035688725,-0.016827096254425772,-3.9256098059453105E-4,713.0030427522232,298.6423455151954,600.6688705905647,398.04573461614535
7.992,0.8315970218095893,5.441067559068784,-0.02154993236824195,0.004274523380058882,710.8512331380757,301.05446111759727,598.9429880514169,400.93711567595545
8.007,0.8053657957048355,5.450296783103279,-0.026231226104753792,0.00922922403449522,708.1626197820416,303.9271267854813,597.1809670633544,404.8383390457089
8.022,0.7744636185128623,5.464830183213402,-0.03090217719197319,0.014533400110123308,704.8999158738525,307.21943690235776,595.3965151009779,409.7328761148592
8.037,0.7388565947814738,5.485081510421125,-0.03560702373138844,0.02025132720772351,701.0164653351994,310.8858590226114,593.6114096582631,415.5957153639999
8.053,0.698450086526603,5.511535894161821,-0.0404065082548708,0.026454383740696093,696.4547212081903,314.8759624841084,591.8569578549836,422.3901843410636
8.068,0.653068104575453,5.544763650832925,-0.04538198195115008,0.03322775667110387,691.1439032791351,319.1334919115681,590.1756760190963,430.06327638789867
8.084,0.6024275844247367,5.585443235530761,-0.05064052015071628,0.04067958469783577,684.9966569318908,323.5943700594912,588.6232937830977,438.5385951227402
8.099,0.5461062955651161,5.634395876080408,-0.056321288859620545,0.048952640549646625,677.9045694896478,328.1829865958531,587.2712322537816,447.70536182948774
8.115,0.4835038165747771,5.692633159257767,-0.06260247899033905,0.058237283177359316,669.7326303192335,332.80572378011846,586.2096692816667,457.4007276105975
8.13,0.41379928263681304,5.761412560434528,-0.06970453393796407,0.06877940117676126,660.31362659256,337.33996667850636,585.5509596062454,467.38051275969383
8.145,0.3359261379349734,5.842272631030578,-0.07787314470183965,0.08086007059605019,649.4465524447463,341.6158128576359,585.4317975223281,477.2701941072761
8.161,0.24863966490842082,5.936941954803311,-0.08728647302655258,0.094669323772733,636.9128527771807,345.3872116104102,586.0078771871964,486.4853457588925
8.177,0.15091703207711038,6.046786834159067,-0.09772263283131043,0.10984487935575611,622.5517206460601,348.2950433962716,587.4213017787199,494.1232082691974
8.193,0.04326369855125861,6.170995128881767,-0.10765333352585177,0.12420829472270001,606.4875305040334,349.8596408242033,589.6942839728033,498.9166328471921
8.208,-0.06973684366091748,6.303026863634552,-0.11300054221217609,0.13203173475278496,589.547950042579,349.635405742383,592.5239882304172,499.60588015886447
8.223,-0.17900920733862374,6.430070791047469,-0.10927236367770626,0.12704392741291684,573.2917949099142,347.60308865625376,595.2454752882634,495.98784500893737
8.239,-0.27731794543994887,6.541929635207046,-0.09830873810132514,0.11185884415957638,558.9334418154665,344.26897725733113,597.3134739249615,489.2757810124451
8.255,-0.36313416121867376,6.636406304091543,-0.08581621577872488,0.09447666888449696,546.7191375277874,340.21822169110965,598.6073985398874,480.9577270516877
8.271,-0.43778221545389234,6.715317979734214,-0.07464805423521859,0.07891167564267097,536.4102187577419,335.854111905241,599.2314756440999,472.0653070516687
8.287,-0.5029873745826663,6.7810891670395845,-0.065205159128774,0.06577118730536981,527.6932405122578,331.42196366050007,599.3309831122682,463.20980010671633
8.302,-0.5601646246128926,6.835765240242891,-0.057177250030226376,0.054676073203306585,520.3011495349475,327.0751479816144,599.0338910113541,454.7511262218822
8.319,-0.6103538193595958,6.880919720774394,-0.05018919474670315,0.04515448053150323,514.026385264036,322.91679124201073,598.4420587727717,446.90870253491136
8.334,-0.6542919788641345,6.917749409283459,-0.04393815950453867,0.03682968850906505,508.7103606003648,319.02185403649435,597.6343399435053,439.8213817581735
8.349,-0.6924915401751088,6.9471759909076125,-0.03819956131097432,0.0294265816241533,504.2314807609311,315.4486497225329,596.6711663572328,433.5795285259046
8.365,-0.7253012655541516,6.969922022967314,-0.03280972537904283,0.022746032059700938,500.4958635510475,312.24494122029836,595.5984139256783,428.24280720170685
8.38,-0.7529505268846194,6.986562504779624,-0.027649261330467696,0.0166404818123098,497.4308013702489,309.4511740112945,594.4503561297029,423.85050090737946
8.396,-0.7755812467326801,6.997558316078377,-0.022630719848060806,0.010995811298754089,494.9803181975592,307.10213085701935,593.2518958652427,420.4277547145762
8.412,-0.7932710951785581,7.0032770295279505,-0.01768984844587799,0.0057187134495726485,493.1022280618521,305.22768815601586,592.0202720495524,417.98947500620454
8.428,-0.806050370200935,7.004005094267052,-0.012779275022376899,7.280647391019399E-4,491.7662597078504,303.85305706801086,590.76637535207,416.54279529838897
8.444,-0.8139140639160457,6.999954148297866,-0.00786369371511071,-0.004050945969185604,490.95294593687055,302.99873785708695,589.4957504858576,416.08859448278156
8.459,-0.8168299874988503,6.991263315424141,-0.002915923582804531,-0.00869083287372519,490.6530735057373,302.6803275523521,588.2093239095333,416.6223215982343
8.475,-0.8147434168919307,6.977998679985626,0.0020865706069195565,-0.013264635438515008,490.8675611396259,302.9082639460345,586.9038744405134,418.13424420905403
8.491,-0.8075784494297544,6.960150614020128,0.007164967462176307,-0.01784806596549842,491.6076904345364,303.6875461522005,585.5722560806149,420.6091455380445
8.507,-0.7952360664782698,6.937629187323756,0.012342382951484644,-0.022521426696371923,492.8956651798302,305.0174340894357,584.2033830981676,424.0254197397496
8.522,-0.7775887344316391,6.910257474840176,0.01764733204663071,-0.02737171248357976,494.7655237466922,306.8910894681685,582.7819938147043,428.35343341379945
8.538,-0.7544712164872007,6.877762162068176,0.02311751794443841,-0.03249531277199891,497.26447876754116,309.29507160478465,581.2882203685937,433.5529117894569
8.553,-0.7256671035693647,6.839760443131992,0.028804112917836064,-0.038001718936184564,500.4548067441398,312.20853131403794,579.6970099494554,439.5689381568534
8.568,-0.6908904529489521,6.795741889969835,0.034776650620412616,-0.0440185531621564,504.4164467906354,315.6018354347048,577.9774806881725,446.32587412662025
8.584,-0.6497620552072499,6.745044046665332,0.04112839774170221,-0.0506978433045032,509.25045530831534,319.43416654480376,576.0923853979489,453.71803147984554
8.6,-0.6017809091596702,6.686821918050927,0.04798114604757969,-0.05822212861440539,515.083286256886,323.6493094484156,573.9980813072413,461.5951209983667
8.615,-0.5462955096854049,6.620017120857537,0.055485399474265375,-0.06680479719339007,522.0711778740213,328.168243656756,571.6459680285307,469.73921589731225
8.63,-0.48249249203609224,6.543350551684345,0.06380301764931265,-0.0766665691731922,530.4017150056817,332.8761781729504,568.9877508579137,477.82830074178435
8.646,-0.4094583195213685,6.455415808926494,0.0730341725147237,-0.0879347427578502,540.2831275375607,337.60049107217884,565.9901687779412,485.3812341704099
8.661,-0.32646930151047754,6.355090214575767,0.08298901801089098,-0.10032559435072794,551.8948762004396,342.07708141790135,562.671320435484,491.6894747870637
8.677,-0.23384568909047365,6.242733853658351,0.0926236124200039,-0.11235636091741522,565.241962991409,345.91736998489733,559.1758996159945,495.7946627117326
8.693,-0.13459744366087545,6.122497130080775,0.09924824542959819,-0.12023672357757699,579.8712890249234,348.64331466460857,555.8716556185047,496.7109262356659
8.708,-0.03526035752589246,6.003495216564655,0.09933708613498299,-0.1190019135161194,594.7120422767146,349.906762699742,553.303372997037,494.0779183047599
8.724,0.057407492420524495,5.895192736150231,0.09266784994641696,-0.10830248041442386,608.6063948101328,349.7528963605449,551.8567506462854,488.60345591028783
8.739,0.14043211737075856,5.801814463162334,0.08302462495023408,-0.09337827298789791,620.9956486703345,348.52334071421865,551.5464477273612,481.47750006390777
8.754,0.21396078674137314,5.723256649670875,0.0735286693706146,-0.07855781349145796,631.8498039686282,346.57963701401354,552.1809412768149,473.673587764602
8.769,0.27917279272634843,5.657966431551939,0.06521200598497531,-0.06529021811893657,641.3340843081949,344.1925569313584,553.54287046032,465.81781241358425
8.785,0.337274684505123,5.6043160184420895,0.05810189177877455,-0.05365041310984986,649.6374829443747,341.54900312947075,555.4504711418385,458.29148386253087
8.8,0.3892377451933353,5.560954434157661,0.05196306068821233,-0.04336158428442914,656.9224932545916,338.77978873626006,557.7634613212606,451.32971715047387
8.816,0.4357822868644289,5.526822484685638,0.046544541671093585,-0.03413194947202265,663.3179557305438,335.9810151532371,560.3758752101172,445.0815562065518
8.832,0.4774183726911056,5.501093171541486,0.04163608582667674,-0.025729313144152905,668.9231623406438,333.22761610478983,563.2083813616917,439.6437102004303
8.847,0.5144897637284832,5.483110630617797,0.03707139103737763,-0.01798254092368856,673.8136095042155,330.5815877218499,566.2023920200799,435.0795583795716
8.863,0.5472098784068327,5.472343006100796,0.03272011467834944,-0.01076762451700082,678.0459825657495,328.09693441041725,569.3158301690036,431.4301524953119
8.879,0.5756894478196356,5.468349663429849,0.0284795694128029,-0.003993342670947187,681.6619861032327,325.8225735934352,572.5200568011749,428.72077215990487
8.894,0.5999576644599061,5.4707600959538,0.02426821664027049,0.0024104325239507817,684.6911297790039,323.8039277921178,575.7975464684883,426.9649064313097
8.91,0.6199785042285245,5.479261846336831,0.020020839768618497,0.00850175038303102,687.1526498186631,322.08364194102944,579.1400402096713,426.16666728837185
8.926,0.6356633574545405,5.493595318184643,0.01568485322601599,0.014333471847811936,689.0567151174158,320.701704596478,582.5470208586125,426.32218096775864
8.941,0.6468805919636369,5.513553905164951,0.011217234509096428,0.01995858698030795,690.4050232682042,319.6951618398816,586.024437630679,427.4202440722348
8.957,0.6534622752919693,5.538988319968069,0.006581683328332462,0.02543441480311808,691.1908551312478,319.0975563999186,589.5836590895323,429.4423692029697
8.972,0.6552079937347447,5.56981438895053,0.0017457184427753947,0.03082606898246062,691.3986268728127,318.9381814463479,593.2406610778853,432.3622254185228
8.988,0.6518854951318251,5.606023930751203,-0.0033224986029195816,0.03620954180067357,691.002951184055,319.24119621922836,597.015462574475,436.1443697641073
9.004,0.6432277288052235,5.647698683749186,-0.008657766326601632,0.041674752997983795,689.9671910386935,320.024599714422,600.93180940998,440.7420417774037
9.019,0.6289257625037435,5.695027575482858,-0.014301966301479958,0.047328891733671746,688.2414607094029,321.29898850308234,605.0170711135246,446.09362370986304
9.034,0.6086170872588093,5.748327835279539,-0.020308675244934307,0.0533002597966803,685.7600116477768,323.065918930357,609.3022483781652,452.11711201204855
9.05,0.5818692090163515,5.808070203318873,-0.02674787824245775,0.05974236803933429,682.4379753040078,325.31552269282446,613.8218545278061,458.7015338395174
9.065,0.5481598633942144,5.874906810399217,-0.03370934562213708,0.0668366070803447,678.1676374949313,328.0227341078959,618.6131507457604,465.6935847192102
9.081,0.5068596284566756,5.9496944670271334,-0.04130023493753875,0.07478765662791595,672.8151153281341,331.14098893843425,623.7135858431689,472.876798818073
9.096,0.457235438343162,6.033488715524381,-0.049624190113513635,0.08379424849724755,666.2203831861983,334.59145905544324,629.1538874225996,479.93957528612276
9.112,0.398527697606191,6.127436558135108,-0.05870774073697099,0.09394784261072672,658.2092760639392,338.2450005610044,634.9413017683979,486.4293498431807
9.128,0.3302340685536814,6.232383278533079,-0.06829362905250959,0.10494672039797064,648.6396687418603,341.89497039952505,641.0226418273908,491.70144856714046
9.144,0.25285344377617525,6.347838275416063,-0.0773806247775062,0.11545499688298393,637.5251528135664,345.23037873089254,647.2163432155883,494.91698744587336
9.159,0.16918604133525686,6.470158580521304,-0.08366740244091839,0.12232030510524151,625.2570101775954,347.85832217663244,653.1398765840727,495.2440262356033
9.175,0.08490342005516133,6.591730260413445,-0.08428262128009553,0.12157167989213996,612.7202176720223,349.45968039031925,658.2711112903473,492.37614581880666
9.19,0.006013022699099438,6.704444077290241,-0.07889039735606189,0.11271381687679652,600.901947969637,349.997288275022,662.2383727857149,486.88352933226497
9.206,-0.06441744495581016,6.804180118943785,-0.0704304676549096,0.09973604165354395,590.3440645475996,349.68888706426765,665.0055458318509,479.7875542843487
9.221,-0.12611062722957173,6.890574619219259,-0.061693182273761575,0.08639450027547393,581.1335072981492,348.808788225464,666.7423570596201,471.9799083897213
9.236,-0.17993668396568901,6.964772249730836,-0.05382605673611729,0.07419763051157706,573.1549080021001,347.57825393879784,667.6588372465196,464.0643361862739
9.252,-0.22695287440992332,7.028136029356858,-0.0470161904442343,0.06336377962602191,566.2485621065856,346.153482476905,667.9389000217694,456.4216790464315
9.269,-0.26808787486335145,7.081839041824223,-0.04113500045342813,0.05370301246736467,560.2667850539548,344.6418737090037,667.7294084037013,449.2926481102976
9.284,-0.30408369397169877,7.126802170571268,-0.03599581910834729,0.04496312874704523,555.0871449670088,343.11825688145285,667.1449998630412,442.8330359069301
9.299,-0.3355116845052861,7.163728020217576,-0.03142799053358736,0.036925849646307705,550.6121449596681,341.6362939875057,666.2748283010774,437.1462080397385
9.315,-0.3628021046017506,7.1931499083566885,-0.0272904200964645,0.029421888139112506,546.765700852674,340.23590622338133,665.1880028504055,432.3019607144807
9.33,-0.3862707886701351,7.2154744435754115,-0.023468684068384458,0.022324535218722782,543.4895102801491,338.94806422409283,663.9374647173182,428.34767424506344
9.345,-0.4061399298040563,7.23101404700135,-0.019869141133921197,0.015539603425939004,540.7400675463675,337.797896956343,662.5626580087946,425.3150750017059
9.361,-0.42255354794049166,7.240010378391239,-0.016413618136435368,0.008996331389888212,538.4863893770192,336.8067092949915,661.0913729949458,423.2244041962556
9.377,-0.43558885176749484,7.242650385782347,-0.013035303827003214,0.0026400073911079912,536.7083489547279,335.993260524055,659.5410484049124,422.0869765884731
9.392,-0.44526454353799055,7.239076468497535,-0.009675691770495732,-0.00357391728481198,535.3955032418178,335.37451384445313,657.919727063942,421.90667305006883
9.408,-0.4515468002138679,7.229391847659181,-0.006282256675877358,-0.009684620838353801,534.5463262531297,334.9659830958833,656.226786179261,422.6806664286363
9.423,-0.454353363338712,7.213661881765758,-0.00280656312484413,-0.015729965893422515,534.1677939816076,334.7817519204731,654.4535083299683,424.39953432834454
9.439,-0.4535559168007253,7.191911774920349,7.974465379866815E-4,-0.02175010684540889,534.2752961437081,334.83420672441673,652.5835173409789,427.0468132223227
9.454,-0.4489807222200203,7.164120885271191,0.004575194580705025,-0.027790889649157977,534.8928746103096,335.13349778456535,650.5930715323988,430.59796464103397
9.47,-0.4404073083919179,7.1302136320559475,0.008573413828102406,-0.03390725321524336,536.0538085996295,335.6867149185475,648.4511838960175,435.01863338629335
9.486,-0.42756487907561336,7.090046819760925,0.01284242931630453,-0.04016681229502281,537.8015809323535,336.4967276731769,646.119525224889,440.261957611915
9.501,-0.4101260524852135,7.043393092314904,0.017438826590399872,-0.04665372744602055,540.1912604735585,337.56058547512174,643.5520665314685,446.26451259396646
9.517,-0.38769770443213664,6.9899203633376805,0.022428348053076884,-0.05347272897722381,543.2913006946617,338.8672870876965,640.6944445334875,452.94019171589036
9.532,-0.35980941105380665,6.929167916855989,0.027888293378329983,-0.06075244648169161,547.1856217066846,340.3945919381889,637.4831244040886,460.17088761731037
9.548,-0.3259022245610831,6.860522732749192,0.033907186492723555,-0.06864518410679625,551.9754525687636,342.1043378789857,633.8446804898285,467.792163540856
9.563,-0.2853267349249037,6.783207877135603,0.04057548963617938,-0.07731485561358942,557.7793513109779,343.935460621343,629.6961531332649,475.5712217793729
9.579,-0.23737570178721734,6.696317064823665,0.047951033137686346,-0.08689081231193847,564.7270904519863,345.7937647912888,624.9490257535333,483.1739617213278
9.594,-0.1814161411441217,6.598984288605169,0.05595956064309566,-0.09733277621849623,572.9366017537551,347.5383762800891,619.5230078893659,490.12065695818717
9.609,-0.11726359317458947,6.490886422888632,0.06415254796953222,-0.10809786571653669,582.4507448768537,348.96987495672647,613.3823905387313,495.74600822316745
9.624,-0.04599745728309483,6.373358547000361,0.07126613589149464,-0.11752787588827135,593.1028141466593,349.8413455202017,606.6104771248687,499.2319176486567
9.64,0.028966566001764782,6.250877217287711,0.07496402328485961,-0.12248132971264965,604.3443773071748,349.9370747540878,599.4990068692346,499.85879561307183
9.655,0.10207431206479484,6.130808154825342,0.07310774606303005,-0.12006906246236945,615.2845724296806,349.2192408694061,592.5163473002771,497.4811979739068
9.671,0.16834631060138508,6.019712009881399,0.06627199853659024,-0.11109614494394289,625.132840109836,347.87947913085645,586.0675069856057,492.7031641685357
9.687,0.225559238221678,5.920417750275169,0.05721292762029291,-0.0992942596062303,633.5477204007457,346.2003777557137,580.3182661128308,486.4381230178605
9.703,0.2736491462255697,5.83289500796792,0.04808990800389169,-0.08752274230724844,640.5369890820754,344.41867094028976,575.252951852557,479.4667900794131
9.718,0.3133992864879521,5.756053707897042,0.03975014026238244,-0.0768413000708786,646.2441183521768,342.6936632013835,570.7856600792948,472.3317018901871
9.733,0.34573352860293816,5.688690171763801,0.032334242114986006,-0.06736353613324145,650.8330337943204,341.1240683769621,566.8194467590065,465.388774522592
9.749,0.37148139974730143,5.629788364788345,0.025747871144363277,-0.058901806975456175,654.4494276245017,339.76859386630514,563.2663536766966,458.8721077751278
9.764,0.39133282141318804,5.578567185696202,0.019851421665886597,-0.051221179092142625,657.2131223508989,338.66022728548035,560.0516814707073,452.93907224851387
9.78,0.40584996534308854,5.534453609072008,0.014517143929900493,-0.04411357662419416,659.2199734700096,337.81507443749166,557.1134420215186,447.69799501916503
9.795,0.41549025311241977,5.497042574359536,0.009640287769331214,-0.037411034712471314,660.5457780808553,337.2377818116565,554.4008167976324,443.22479608313745
9.81,0.42062701856174284,5.466060797220189,0.00513676544932306,-0.030981777139347463,661.2499344870271,336.9249631197134,551.8727710730475,439.5730810932623
9.826,0.42156492435195403,5.44133786353052,9.379057902111744E-4,-0.024722933689669005,661.378330244154,336.8674562357304,549.4970879726037,436.78035644273405
9.841,0.418550315921562,5.422784165345167,-0.0030146084303920217,-0.0185536981853527,660.9654501829366,337.0518656713285,547.249816901379,434.87187766976524
9.857,0.41177740580382977,5.410374535839284,-0.006772910117732237,-0.012409629505883115,660.0358190042987,337.46163259791103,545.1150627012496,433.86297994708036
9.873,0.40139118389093587,5.404136599906731,-0.010386221912893926,-0.006237935932552996,658.6048995411181,338.07775255187005,543.0850375914563,433.76036066395625
9.889,0.38748777422999836,5.404143187183497,-0.013903409660937486,6.587276765793182E-6,656.679545618308,338.8791888963287,541.1603139589738,434.56255796764157
9.904,0.3701127640530294,5.410508456805656,-0.017375010176968953,0.006365269622159183,654.2580844013817,339.84298436851435,539.3502392904323,436.25972115190734
9.919,0.34925785990305785,5.423387608831761,-0.02085490414997155,0.012879152026105227,651.3300850401046,340.94403985190587,537.673501308498,438.8326549941189
9.935,0.3248560994462798,5.442980186732945,-0.02440176045677803,0.01959257790118376,647.8758622630777,342.15449979711093,536.1588600764306,442.25101033783204
9.95,0.2967758061936664,5.46953696378016,-0.028080293252613388,0.026556777047215287,643.8657728968404,343.4426504501462,534.8460915609875,446.4703607101975
9.966,0.2648136244277555,5.503370121141639,-0.03196218176591087,0.03383315736147871,639.2594090901936,344.77119464136786,533.7872060237669,451.42771990032446
9.981,0.22868757780862947,5.5448655205791475,-0.03612604661912605,0.04149539943750859,634.0049199267136,346.09471387007056,533.0479935795445,457.03478337848696
9.996,0.1880327904686498,5.594493496051429,-0.04065478733997967,0.04962797547228161,628.0390084046519,347.3560789641332,532.7098530470505,463.1677888159711
10.011,0.14240676557908183,5.652808715470496,-0.045626024889567976,0.05831521941906633,621.288888894898,348.48159215748154,532.8715370020806,469.65242975573244
10.027,0.09132115780812733,5.7204158167608306,-0.0510856077709545,0.06760710129033479,613.6791421658056,349.37496801541977,533.6495487585229,476.2420802985682
10.043,0.03433873755558356,5.797847372471569,-0.05698242025254377,0.07743155571073816,605.1497984309035,349.91157252234086,535.1737041519334,482.5891751139641
10.058,-0.028687455324989092,5.885247306079329,-0.06302619288057265,0.08739993360775913,595.6974718999097,349.93828147590574,537.569728545943,488.2175838048349
10.073,-0.09712909474652193,5.981714799433488,-0.06844163942153283,0.09646749335415887,585.4535330298839,349.29300150605627,540.9148255778233,492.52813524949147
10.089,-0.1688981687231689,6.084370538137025,-0.07176907397664697,0.10265573870353807,574.785555229773,347.8655868514685,545.1594172883676,494.9107906177826
10.105,-0.24021171695852678,6.188041743613869,-0.07131354823535788,0.10367120547684402,564.3137595270097,345.69314411084656,550.0637469451983,495.0147337803187
10.121,-0.3067974918019993,6.286932992992476,-0.06658577484347251,0.0988912493786064,554.6989168134618,342.9958456114245,555.261068369476,492.99479222648597
10.137,-0.36576561762460946,6.377191153306529,-0.058968125822610205,0.09025816031405341,546.3503442891578,340.07753011139255,560.4304619084527,489.41523562418934
10.152,-0.4161053501226105,6.457548160063971,-0.05033973249800108,0.08035700675744159,539.3698188287658,337.20051432536,565.3919218220589,484.92610505291964
10.167,-0.45795855313594647,6.528288183872137,-0.041853203013335935,0.07074002380816634,533.6823090604111,334.54353893235145,570.0807282640333,480.06039389931874
10.183,-0.49189343047426853,6.590237309348851,-0.03393487733832207,0.06194912547671334,529.1556480779042,332.2160270191864,574.4931237220326,475.2003384041004
10.199,-0.5185418334685934,6.6442641475126605,-0.02664840299432481,0.054026838163809605,525.6578722254689,330.28141862121123,578.650428922698,470.60885333976853
10.214,-0.5384715769927101,6.691105836577818,-0.019929743524116698,0.04684168906515763,523.0763325073669,328.77402447498025,582.5815337679252,466.4661848289396
10.23,-0.5521583257422963,6.731330859163037,-0.013686748749586204,0.04022502258521924,521.3210946466215,327.709161192117,586.3153378677066,462.89698737524054
10.245,-0.5599911026841805,6.765348170220528,-0.007832776941884265,0.03401731105749075,520.3232010594666,327.0889755666864,589.877682432377,459.98808813311945
10.261,-0.5622857574821827,6.793427978090512,-0.002294654798002153,0.028079807869984295,520.0317857544675,326.9058103885737,593.2901390861666,457.7997127183916
10.277,-0.5592975673889128,6.815722537211854,0.002988190093269924,0.022294559121341574,520.4113609045147,327.1442036701972,596.5694886555702,456.3724497213369
10.292,-0.5512304014034224,6.832283680452299,0.008067165985490364,0.016561143240445542,521.4396329415633,327.78211427130054,599.7273865944333,455.7314309087393
10.308,-0.5382420425007992,6.843076567281703,0.012988358902623127,0.01079288682940378,523.1058926137899,328.7916777174596,602.7700022657414,455.8886077880237
10.324,-0.5204459409557931,6.847989857852361,0.01779610154500612,0.004913290570657847,525.4099373190403,330.1396271289053,605.6975470458312,456.843611771688
10.339,-0.4979098484223083,6.846842601230018,0.022536092533484806,-0.0011472566223426212,528.3614681816039,331.7874074367678,608.5036631176436,458.58341916755455
10.355,-0.47065183606259614,6.839388076191879,0.02725801235971214,-0.007454525038139427,531.9798981769582,333.69093367907567,611.1746710846337,461.0808388682299
10.37,-0.4386343177390805,6.825314911829885,0.032017518323515605,-0.014073164361993597,536.2944802581227,335.7998775935283,613.6886909796906,464.2916522204886
10.386,-0.40175707185897924,6.8042463142658995,0.036877245880101286,-0.021068597563985186,541.3445833945322,338.05630048222724,616.0146764383838,468.15002517647423
10.401,-0.3598512386655027,6.77573963190485,0.04190583319347653,-0.028506682361050008,547.1797493824113,340.3923827160687,618.1114666385521,472.5615602390256
10.417,-0.3126786310932873,6.73929186801646,0.04717260757221545,-0.03644776388839011,553.8587266053996,342.7269522182995,619.9271303587565,477.39308019962755
10.432,-0.2599460499319386,6.694364330790817,0.05273258116134874,-0.04492753722564336,561.4457377930567,344.96057693620793,621.3992914609021,482.4581092871442
10.448,-0.2013556180810709,6.640455533975829,0.05859043185086772,-0.053908796814988495,570.0003384278423,346.9694536478788,622.4580591074172,487.4976982861141
10.463,-0.13673290347760086,6.577280524081891,0.06462271460347004,-0.06317500989393796,579.5539133360248,348.5999917231802,623.0350182606772,492.15971279608897
10.48,-0.06629895481423011,6.505148780810049,0.07043394866337076,-0.07213174327184219,590.062440688448,349.67045438205025,623.0842432027054,495.990516433395
10.495,0.00887371353109738,6.4255958751589715,0.07517266834532749,-0.07955290565107757,601.331039561209,349.99409432936517,622.6204930424042,498.4756055368957
10.51,0.08641217361165933,6.341999675301294,0.07753846008056195,-0.08359619985767743,612.9457009330625,349.4403186136583,621.7627708674519,499.1809586475919
10.525,0.1628337980970574,6.2592939187958585,0.07642162448539805,-0.08270575650543581,624.317274895794,348.0157766646596,620.7339075576846,497.97296881802106
10.541,0.2347572271252349,6.182251626852587,0.0719234290281775,-0.07704229194327146,634.8910317825919,345.88562609505493,619.7766734609543,495.12220395894576
10.556,0.3000953450306793,6.113802913739654,0.0653381179054444,-0.06844871311293219,644.3416937857241,343.2962462600227,619.0556518024435,491.149606319305
10.572,0.35814038817898575,6.054913438018254,0.05804504314830646,-0.05888947572140113,652.579983055823,340.4825447585904,618.635798901498,486.5913821439357
10.587,0.4089872751709111,6.005392613251986,0.05084688699192535,-0.0495208247662677,659.6520499058237,337.6286051009496,618.5170048730112,481.8780698145092
10.602,0.45303063249829617,5.964600403396822,0.04404335732738506,-0.04079220985516408,665.6538684998279,334.86871227607725,618.6704205014664,477.3206536955794
10.617,0.49070716467534603,5.931812615451659,0.037676532177049846,-0.032787787945162176,670.6874587609389,332.2999742022672,619.0594157892291,473.1351444507222
10.632,0.5223970770433503,5.906364977884313,0.03168991236800426,-0.025447637567346585,674.8438406631583,329.9938441418969,619.6489779240109,469.4697457421614
10.648,0.5483980831686486,5.887696380224618,0.026001006125298338,-0.018668597659694655,678.1981328235302,328.00410939854055,620.4092197191585,466.42535604158803
10.664,0.5689269018277306,5.875353905137212,0.020528818659082078,-0.012342475087405758,680.8092443708778,326.37193527127675,621.3163154848231,464.06939861958557
10.68,0.5841289966996893,5.8689862262492065,0.015202094871958626,-0.006367678888005244,682.7209510472412,325.1289105596301,622.3524209920523,462.4447529776693
10.695,0.5940891089382688,5.868335477304159,0.009960112238579467,-6.50748945047617E-4,683.9631253506493,324.29880764251584,623.5052499444321,461.5753362312237
10.711,0.5988399370193409,5.873230990801056,0.004750828081072064,0.0048955134968969045,684.5526978575458,323.8985120371127,624.767583332349,461.46936680369873
10.727,0.5983681631188197,5.883585746768006,-4.717739005212305E-4,0.010354755966949552,684.4942363659488,323.9383880036172,626.1368140942716,462.12091680449396
10.742,0.592617714442348,5.899395454316985,-0.0057504486764716695,0.015809707548978993,683.7801419450875,324.42221592489415,627.614547011672,463.51005128721295
10.758,0.5814904485559574,5.920739837607734,-0.01112726588639059,0.02134438329074885,682.3905048268182,325.34673794870787,629.2062221004371,465.60162046935443
10.773,0.5648447325311715,5.9477853924404736,-0.01664571602478595,0.027045554832739935,680.2927008635434,326.7007584351315,630.9206767871274,468.3425716069411
10.789,0.5424929333078301,5.980788210279853,-0.02235179922334135,0.033002817839378855,677.4408903562035,328.4636466119441,632.7694819215294,471.6574497895346
10.805,0.5142000731442037,6.020093832790044,-0.028292860163626463,0.03930562251019187,673.7757781510588,330.6029653499711,634.7657448737895,475.4415558695779
10.82,0.4796886450428393,6.066127349487893,-0.034511428101364386,0.046033516697848574,669.2254474345326,333.07079855283337,636.9218147570263,479.55108840725967
10.836,0.43866039526485956,6.1193588759349975,-0.041028249777979746,0.053231526447104736,663.7090610450246,335.7982162650207,639.2448727872383,483.78978187903664
10.851,0.39085722347699753,6.180213678095095,-0.04780317178786205,0.06085480216009785,657.1471693648411,338.6874220453541,641.7287061420298,487.89288773561225
10.866,0.3362014189152109,6.248870815523993,-0.05465580456178665,0.06865713742889888,649.485534710514,341.6021957965854,644.3393710221186,491.51389313636025
10.882,0.2750678965497303,6.324876490429747,-0.06113352236548057,0.07600567490575395,640.7418422520672,344.36101374646717,646.9937082538144,494.23067102070064
10.897,0.2086869962881318,6.40657373624608,-0.06638090026159849,0.08169724581633243,631.0763343455294,346.7455670323464,649.5376706339947,495.6051621629398
10.913,0.13943941173233276,6.49068214609458,-0.06924758455579903,0.08410840984849967,620.8481983915536,348.54411002738016,651.7498604503193,495.32655884877653
10.929,0.07051381865549347,6.572769803672159,-0.06892559307683929,0.08208765757757944,610.5683097593886,349.62723959503364,653.4014167705683,493.3816306367296
10.944,0.0048262561425307104,6.648760683883149,-0.06568756251296276,0.07599088021098906,600.7239356109636,349.9982530472645,654.3469418727865,490.0859869836963
10.959,-0.05585611933607164,6.716162265626823,-0.06068237547860235,0.0674015817436751,591.6259380661637,349.7660678749638,654.5621737392557,485.9241753798092
10.975,-0.11090648514622684,6.774065067538097,-0.0550503658101552,0.057902801911274095,583.3981106926011,349.07842657951846,654.1084028049927,481.36619846105043
10.99,-0.16036906770145887,6.822503398188127,-0.049462582555232046,0.04843833065002988,576.0476175810264,348.07526254055824,653.0802665160243,476.78412392180644
11.005,-0.20455518890239668,6.861905808675061,-0.044186121200937824,0.03940241048693459,569.5302536115886,346.87271548870433,651.5732389793093,472.44718961442766
11.021,-0.24382506387775102,6.892800551301898,-0.039269874975354335,0.030894742626836127,563.7875537635896,345.5632465204561,649.6703617605315,468.5435022144512
11.037,-0.2784953716282055,6.915692488091239,-0.03467030775045443,0.022891936789341705,558.7636042486865,344.220524425066,647.4389205431913,465.20270608860494
11.052,-0.3088084514755802,6.931022773262497,-0.030313079847374733,0.015330285171257979,554.4114497260866,342.9044578868094,644.9309647915981,462.5130587159498
11.067,-0.334927379517898,6.939162059314039,-0.026118928042317798,0.00813928605154169,550.6949121787417,341.6651273776931,642.1849467607689,460.5330102232266
11.082,-0.35694056924824846,6.9404147751962695,-0.022013189730350418,0.0012527158822312617,547.5886083665351,340.5455300856045,639.2274788068306,459.29870867222905
11.098,-0.3748690455392353,6.935025167647309,-0.017928476290986803,-0.005389607548960925,545.0773992267129,339.5833368432569,636.0749087840752,458.8286858274322
11.113,-0.3886736721886675,6.92318155136496,-0.013804626649432232,-0.01184361628234876,543.1557977294292,338.81187509799884,632.7346620547094,459.12657522310013
11.129,-0.39826129774971647,6.905017611081719,-0.00958762556104897,-0.018163940283241396,541.8275544494566,338.2605025980632,629.2063730008874,460.1823713032144
11.145,-0.4034894441647041,6.8806105800611235,-0.005228146414987619,-0.02440703102059604,541.105506618341,337.9544803524617,625.4828451460726,461.97248204163816
11.16,-0.4041694458782288,6.849976559947619,-6.800017135246824E-4,-0.030634020113504433,541.0117109590176,337.914400103896,621.5508851450326,464.4586272398454
11.176,-0.40006817951119167,6.813063580938993,0.004101266367037122,-0.0369129790086266,541.5778291662217,338.1551662264891,617.3920758460329,467.5854563458145
11.192,-0.3909089514942856,6.769743558377855,0.00915922801690605,-0.0433200225611377,542.8456566862536,338.68446575004145,612.9836074881429,471.2765765911913
11.207,-0.37637307033721895,6.719805545138074,0.014535881157066659,-0.04993801323978074,544.8675246258022,339.5005740458206,608.2994035536991,475.4284841146384
11.222,-0.3561057561602926,6.662955495344973,0.02026731417692634,-0.056850049793101126,547.7059558639625,340.589234822223,603.3120120884253,479.90171276717194
11.238,-0.32973457511574034,6.598833896359783,0.026371181044552258,-0.06412159898519004,551.4312129294292,341.9192478929252,597.9961752689356,484.50853319276933
11.254,-0.2969176696908216,6.527075141985198,0.0328169054249187,-0.07175875437458493,556.1138782685986,343.43642605480875,592.3357526955814,488.9973267561849
11.27,-0.2574548137145744,6.447454553974286,0.03946285597624723,-0.07962058801091264,561.80698809765,345.0561747800725,586.336706921296,493.036892761953
11.286,-0.21151158787392726,6.36019370379956,0.04594322584064715,-0.08726085017472612,568.5092938800925,346.65720380557383,580.0491396987618,496.2126515782355
11.301,-0.15998703400993425,6.266468753920236,0.051524553863993024,-0.09372494987932384,576.1041890667442,348.08440235163897,573.5968228593687,498.0634446032219
11.316,-0.10489208492058003,6.168942376729405,0.05509494908935422,-0.09752637719083106,584.2950228787613,349.175580084749,567.195834882825,498.1977857115603
11.331,-0.049278434587850105,6.071685668525501,0.05561365033272992,-0.09725670820390396,592.6112260981582,349.81790954431136,561.1222724196685,496.47548962878545
11.348,0.003659964448224355,5.978968129953772,0.05293839903607446,-0.09271753857172908,600.5489934415727,349.9989953506393,555.6170349181101,493.11125584304375
11.363,0.05168344675202595,5.893780631173912,0.048023482303801594,-0.08518749877986076,607.7490660807274,349.7997061908885,550.8034069964715,488.56999087554175
11.379,0.09381485365203701,5.8174367764553665,0.04213140690001106,-0.07634385471854548,614.0515949846875,349.34039198551176,546.6878356854273,483.36324053407577
11.395,0.1299555511003059,5.750106142930041,0.03614069744826889,-0.06733063352532538,619.4385102984744,348.73514822454075,543.2103605260155,477.922102605653
11.41,0.16042344893548852,5.691438269424811,0.03046789783518261,-0.05866787350522972,623.9604348990584,348.0739597614921,540.2886562190403,472.56907393278027
11.425,0.18566908193408913,5.640936712519752,0.02524563299860061,-0.05050155690505946,627.6906235789351,347.421943298173,537.8409958312656,467.53457541322246
11.441,0.20614413479718957,5.59812476280599,0.02047505286310046,-0.042811949713761475,630.7030806243195,346.8241153223017,535.7950960633852,462.9812264545155
11.457,0.22225117074350534,5.562602224837561,0.016107035946315757,-0.03552253796842883,633.063897006508,346.3105557187964,534.0904583312863,459.02372458917347
11.473,0.23432897164699068,5.534055612169535,0.01207780090348533,-0.028546612668025894,634.8285522663737,345.900554992188,532.6782958439267,455.74282878888397
11.487,0.24265152497324877,5.512251397032315,0.008322553326258097,-0.021804215137220608,636.0415972069917,345.605642990816,531.5207873556951,453.1946773206635
11.503,0.24743127090782635,5.49702484976712,0.00477974593457757,-0.01522654726519422,636.7371408352969,345.4317107210376,530.5903009921182,451.4168435996944
11.518,0.248822916667239,5.488269381777044,0.00139164575941263,-0.00875546799007685,636.9394946194798,345.3804448241146,529.8687856816333,450.43216202829433
11.534,0.24692652550657168,5.485928143177544,-0.0018963911606673135,-0.0023412385994997535,636.6637301715084,345.4502350974753,529.3473637715529,450.2509865390108
11.549,0.24178955214921574,5.489988371823669,-0.005136973357355935,0.004060228646125364,635.9160757258486,345.6366557720106,529.0261077483358,450.8722711584676
11.565,0.23340786792196136,5.500478502747774,-0.008381684227254377,0.010490130924105666,634.6941479658606,345.93257380353083,528.9139763092966,452.2836682234185
11.58,0.22172597674391467,5.517467823101036,-0.011681891178046683,0.01698932035326217,632.9870510241138,346.3279004999816,529.0288909308538,454.4606936296521
11.596,0.20663676211993104,5.541068244226074,-0.015089214623983636,0.023600421125037987,630.7754064667015,346.8089723307445,529.3979388930011,457.36488157282577
11.612,0.18798137881731117,5.571437360687074,-0.01865538330261986,0.030369116461000243,628.0314325482451,347.3575203011138,530.0576799659563,460.9407224260075
11.628,0.16555052126155903,5.608781096468285,-0.022430857555752134,0.037343735781211,624.7193025525276,347.94916722076067,531.0544922013539,465.1110351722349
11.643,0.13908964336964974,5.653352384361221,-0.026460877891909287,0.04457128789293556,620.7962410872,348.5513929811601,532.4447790730198,469.7702824330804
11.658,0.108313479794252,5.70543850511902,-0.03077616357539774,0.05208612075779911,616.2152727697621,349.1209741418095,534.2945980693039,474.77527393541664
11.674,0.07294061280974724,5.765322261608161,-0.03537286698450476,0.05988375648914106,610.9313927932224,349.601151905994,536.6777155887651,479.9330030461365
11.689,0.03276815085955365,5.833189189279403,-0.04017246195019359,0.0678669276712417,604.9143430547055,349.9194758273276,539.6700372823422,484.9867944661544
11.704,-0.012181691351184382,5.908936447128095,-0.044949842210738035,0.07574725784869285,598.1727914891142,349.9888706173153,543.3367688325594,489.60624281436606
11.719,-0.06141272479845776,5.9918401620526165,-0.04923103344727338,0.08290371492452164,590.7938806756259,349.71722468368625,547.7077392117402,493.3959789020954
11.735,-0.11363870343035809,6.0801273286388975,-0.05222597863190034,0.08828716658628127,582.9908583631518,349.0325102143074,552.7410453951438,495.95068068821627
11.751,-0.1666244235028882,6.170759208352273,-0.05298572007253011,0.09063187971337548,575.1218287896949,347.9225357990822,558.2934171216514,496.9755618023501
11.767,-0.2175547755605366,6.259934580915328,-0.05093035205764839,0.08917537256305548,567.6235972867748,346.4642227554261,564.1363025700409,496.4236798615341
11.781,-0.26390325295222955,6.344268450078282,-0.04634847739169295,0.08433386916295399,560.8724027263121,344.80687529115494,570.0291774642373,494.5271260136236
11.797,-0.3040948511111772,6.4216748481668935,-0.040191598158947656,0.0774063980886117,555.0855481794504,343.11775577355706,575.7926394825718,491.68160187941214
11.812,-0.3375134346092129,6.49134868864643,-0.033418583498035746,0.06967384047953659,550.3287236314237,341.5371481411029,581.32821556647,488.2989670851627
11.827,-0.364150808588228,6.5532687408320935,-0.02663737397901514,0.0619200521856634,546.5766126008959,340.1639813889619,586.5983896038589,484.7262771839758
11.843,-0.3842808892429516,6.607747804054392,-0.02013008065472359,0.05447906322229834,543.7661146533342,339.0602392447893,591.6002379268157,481.2287893909358
11.858,-0.3982689426095619,6.6551746188566385,-0.01398805336661028,0.047426814802246475,541.826497468992,338.26005787382996,596.346908203388,478.00097819909746
11.874,-0.40648261810851805,6.69589760904927,-0.008213675498956147,0.04072299019263192,540.6928492992286,337.7775811797986,600.8571543877571,475.18302646205245
11.889,-0.40925688525627923,6.730183260501651,-0.002774267147761197,0.034285651452380654,540.3108462026972,337.61251730479296,605.14990529133,472.87484175805963
11.905,-0.40688299322867966,6.758207921989136,0.0023738920275995596,0.028024661487485263,540.637691338557,337.7538250299554,609.2414750756878,471.14618184603756
11.92,-0.39960661711580314,6.780062758923255,0.007276376112876536,0.02185483693411906,541.6416026165413,338.1821169863681,613.1440393996754,470.0434135599795
11.935,-0.38762858954987434,6.795762827748765,0.0119780275659288,0.015700068825510005,543.3008986262962,338.87120617109383,616.8646695787318,469.5937046296897
11.951,-0.3711055701135215,6.805256512492716,0.016523019436352815,0.009493684743950525,545.6031053991424,339.789047703256,620.4045807702189,469.8072744343964
11.967,-0.35014984878472405,6.808433954585129,0.02095572132879749,0.003177442092413156,548.5442148803219,340.89819792217895,623.7584373399327,470.6780913563938
11.982,-0.3248284190400308,6.805134299568376,0.02532142974469323,-0.003299655016752742,552.1280726495677,342.155824965968,626.9136575543602,472.18319243315966
11.997,-0.29516212986423757,6.7951524666091165,0.02966628917579321,-0.009981832959259163,556.3657541245211,343.5132488200245,629.8497234460241,474.2806233931817
12.014,-0.2611265548529915,6.7782472991059155,0.03403557501124604,-0.016905167503201295,561.2746380228216,344.91496244258735,632.5375682198578,476.90585144532247
12.029,-0.2226576319179176,6.7541549678570245,0.03846892293507392,-0.024092331248890722,566.8766361660777,346.2971044427251,634.9392248224689,479.9664129072746
12.045,-0.17966771888460267,6.722615180119876,0.042989913033314925,-0.031539787737148724,573.1946023696755,347.5854689929879,637.0081382392317,483.3346223598685
12.06,-0.1320822088466243,6.683424097509239,0.047585510037978375,-0.03919108261063606,580.2452251418289,348.69347285709273,638.6909658911997,486.838669618534
12.076,-0.07991339899646382,6.636537059885659,0.05216880985016049,-0.046887037623580236,588.0257445537721,349.5212934886148,639.9324076280377,490.2540129553212
12.091,-0.02339336254840365,6.582251266675484,0.056520036448060175,-0.05428579321017544,596.4913156590793,349.95895816587876,640.6854788947714,493.300773195189
12.106,0.03682422895134076,6.521481967417748,0.060217591499744406,-0.060769299257735415,605.5223860640322,349.89830970414505,640.9295506342316,495.6595277873472
12.123,0.09944642781735404,6.456057408551476,0.06262219886601328,-0.06542455886627256,614.8923892126293,349.25889167329217,640.6942412247033,497.0231107276594
12.138,0.16248718018548658,6.388780991939064,0.06304075236813254,-0.06727641661241185,624.2659685166473,348.0241965759284,640.0759016559451,497.18868971732894
12.154,0.22359576576656998,6.322956925016965,0.06110858558108338,-0.06582406692209873,633.2605955035739,346.2659659208103,639.2247655532454,496.14734793878677
12.17,0.28067984674080043,6.2615070706367515,0.057084080974230456,-0.061449854380213005,641.5513432584933,344.13010051136047,638.2998624610645,494.0948559461757
12.186,0.33236088428225463,6.206329989560828,0.051681037541454186,-0.055177081075923756,648.9413429622357,341.79120194515883,637.4243910772559,491.3484144736058
12.202,0.3779932184257243,6.158276790116104,0.045632334143469705,-0.048053199444724026,655.3584145056625,339.41106822422404,636.6708199495464,488.2424285274418
12.218,0.4174251322780316,6.117490493414989,0.03943191385230728,-0.040786296701115415,660.8112031056155,337.1203762277787,636.0705528548332,485.0659750983381
12.233,0.45075359435333645,6.083754792880427,0.03332846207530486,-0.03373570053456168,665.3465973584083,335.01785886940314,635.6299226522594,482.0447926074395
12.249,0.47816590414601085,6.0567213227795325,0.027412309792674415,-0.02703347010089408,669.0227349078252,333.1760566537547,635.3427540225786,479.3460224044842
12.264,0.49985824427676406,6.03602925057038,0.021692340130753232,-0.02069207220915311,671.8951697155361,331.6475771580103,635.198055157286,477.08939295765805
12.28,0.5160001123804607,6.021360378758875,0.01614186810369671,-0.014668871811503923,674.0107489641672,330.4699545403578,635.1841916595541,475.35783687656834
12.295,0.5267216821229697,6.012461620097559,0.010721569742508883,-0.008898758661316713,675.4053110780574,329.66895951314405,635.2909857787081,474.2056016001179
12.311,0.5321112638280783,6.009152568035295,0.005389581705108657,-0.0033090520622644807,676.1030739779362,329.2606751147029,635.5106899000932,473.66378572827966
12.326,0.532216517646242,6.011326850348694,1.0525381816368917E-4,0.0021742823133997103,676.1166787359564,329.252664259609,635.8383634904183,473.74369277342726
12.342,0.5270465710828903,6.018951104505159,-0.005169946563351723,0.007624254156464435,675.4474351110842,329.64445431702325,636.2719161858994,474.43837241078324
12.358,0.516574052258881,6.032062866781137,-0.01047251882400934,0.013111762275978382,674.0856186800739,330.42745533357106,636.8119162367516,475.7225726161786
12.373,0.5007372183389569,6.050767094955653,-0.015836833919924034,0.0187042281745149,672.0108567333714,331.58433232161747,637.4611487371702,477.551169916248
12.388,0.47944346132384336,6.075229565440648,-0.021293757015113546,0.02446247048499598,669.1928185608347,333.0877675055352,638.2238008779818,479.85602001185606
12.403,0.45257703857223547,6.105663254791159,-0.026866422751607874,0.030433689350510284,665.5926861191638,334.89847859658335,639.1040191464516,482.54112325593894
12.418,0.4200164935472321,6.142300198452627,-0.0325605450250034,0.03663694366146842,661.1663269619506,336.9623322157729,640.1034006585453,485.4761468443701
12.435,0.38167150510172587,6.185335366603657,-0.038344988445506184,0.04303516815102931,655.8708327305484,339.2065014645332,641.216752311565,488.4889784237328
12.45,0.3375546361627956,6.234821078164899,-0.04411686893893027,0.049485711561241416,649.6771078768076,341.5351014872142,642.4253014114165,491.3597032820747
12.465,0.28790661352814584,6.290486053119825,-0.049648022634649736,0.055664974954925485,642.591843786744,343.8260575933499,643.686945949399,493.82206004425973
12.48,0.233379562858973,6.3514731869119645,-0.054527050669172863,0.060987133792140207,634.6900173212696,345.93355576511533,644.9252400771859,495.58394906609124
12.495,0.17522246931229124,6.41607473195553,-0.058157093546681735,0.06460154504356559,626.1490807078743,347.70316712289235,646.0238768568054,496.38064516862204
12.51,0.11530706700035048,6.481692824279236,-0.05991540231194075,0.06561809232370579,617.2577582603569,349.00392538395454,646.8387148795107,496.0582248977591
12.525,0.05581997206104033,6.545271048514416,-0.059487094939310155,0.06357822423517999,608.3686482931208,349.7663704766395,647.2329929075613,494.64412141752763
12.541,-0.0012830600147425153,6.604063690898049,-0.05710303207578284,0.058792642383633256,599.8075410505943,349.9998765317918,647.1175758643899,492.34368779844806
12.556,-0.054673005710502945,6.656199192150818,-0.05338994569576043,0.05213550125276861,591.803134161206,349.7758705213254,646.4666910692117,489.4608573530004
12.571,-0.10367531355688071,6.7007304811891,-0.04900230784637777,0.04453128903828207,584.4765470338459,349.1945790168249,645.3042098686606,486.3076543745533
12.587,-0.14807111884380586,6.737367839807374,-0.04439580528692513,0.03663735861827347,577.8704049363186,348.3586230130136,643.6795851317277,483.15161912931103
12.602,-0.1878808422746503,6.766184568196806,-0.03980972343084444,0.028816728389432385,571.9833824090213,347.36033773970814,641.6489959889515,480.2012285999092
12.618,-0.22321626131073216,6.787415196848306,-0.035335419036081867,0.021230628651499835,566.7949154760539,346.27857793182704,639.2649128791046,477.6105979284822
12.634,-0.25419923623865437,6.801343935672567,-0.030982974927922236,0.013928738824261166,562.279431278386,345.17974616081267,636.5716291078695,475.48964348893156
12.648,-0.280923082484068,6.808250250077694,-0.026723846245413626,0.006906314405126284,558.4136003788915,344.1199894759692,633.6039804180979,473.913697911932
12.664,-0.3034369564803487,6.808384510429584,-0.0225138739962807,1.3426035189038118E-4,555.179714295814,343.1472737756299,630.3875198062509,472.93088595491975
12.68,-0.3217415403333102,6.801957648365485,-0.01830458385296151,-0.006426862064099492,552.567117823101,342.3029222763623,626.9392744947396,472.5672010023785
12.696,-0.3357898490474859,6.789136467389546,-0.014048308714175686,-0.012821180975938755,550.5727486760054,341.622550558005,623.2686965485484,472.82963559121697
12.711,-0.3454901216457339,6.770040656105063,-0.00970027259824801,-0.019095811284482955,549.2013182912633,341.1364373103362,619.3786588119142,473.7077044742606
12.727,-0.35070945332869613,6.744739952791835,-0.00521933168296225,-0.025300703313227715,548.4653756695182,340.86938097087,615.266467768605,475.17356591821
12.743,-0.3512778505805313,6.713251362044719,-5.683972518351664E-4,-0.03148859074711532,548.3853142296034,340.8400660778857,610.924940699061,477.1807977799736
12.759,-0.34699327323385126,6.675537549340542,0.0042845773466800175,-0.0377138127041773,548.989226300173,341.05991977363743,606.3436720107044,479.661750776109
12.774,-0.33762940711408684,6.631509144923281,0.009363866119764423,-0.04402840441726105,550.3123095478878,341.53138668696454,601.510727360567,482.5233084891669
12.79,-0.3229498946722011,6.581036386475153,0.01467951244188574,-0.05047275844812726,552.3952001402273,342.24550267165216,596.4151876719703,485.64090252013125
12.805,-0.30273618975099176,6.523980254537637,0.020213704921209344,-0.057056131937516096,555.2800381395023,343.17864719012965,591.0512452088484,488.85095322254597
12.82,-0.2768416165347417,6.460260796002522,0.025894573216250046,-0.06371945853511582,559.0021659556398,344.2885220787541,585.4248984635535,491.9429808899097
12.836,-0.24529039828370355,6.389989141265872,0.03155121825103816,-0.07027165473664992,563.5742938843181,345.51002691902016,579.564428423464,494.65531044290503
12.851,-0.20843935912772926,6.313688818182794,0.036851039155974305,-0.07630032308307755,568.9600062624859,346.75325818793624,573.5348233853658,496.6834787850267
12.868,-0.16718800822367821,6.232588471324279,0.04125135090405104,-0.08110034685851499,575.0384658640697,347.9084913504995,567.4521783191335,497.71652932338515
12.883,-0.12312900470018785,6.148838750515242,0.04405900352349036,-0.08374972080903634,581.5772821384701,348.8643794418076,561.4858644712666,497.5127394600802
12.899,-0.07842585509659286,6.065359651057552,0.044703149603595,-0.08347909945769086,588.2481772080092,349.5389402833444,555.8321013721999,495.9943875272317
12.913,-0.03531732925692564,5.985178092571068,0.04310852583966722,-0.08018155848648402,594.7035018375364,349.906461192355,550.6611257568179,493.29498621846915
12.929,0.004460771853156666,5.910652720767655,0.03977810111008231,-0.0745253718034128,600.6691135589106,349.99850761606024,546.0727931625871,489.70978775901074
12.945,0.03992211924166347,5.843149950430583,0.03546134738850681,-0.06750277033707286,605.98672734051,349.88048270455494,542.091009258926,485.5909731275091
12.961,0.0707097911673596,5.78321325115111,0.030787671925696137,-0.05993669927947301,610.5976323822488,349.62516562360327,538.6874800910132,481.2645594138031
12.976,0.09685045915965507,5.730895215861653,0.02614066799229546,-0.05231803528945648,614.5048680628868,349.29704887397554,535.8091357214366,476.99584178621427
12.991,0.1185535264558571,5.686022854584519,0.02170306729620202,-0.04487236127713443,617.7414016691235,348.9471136572133,533.3966605019093,472.987287139177
13.006,0.13609016355158238,5.648352300729702,0.017536637095725272,-0.03767055385481725,620.3505712995765,348.61310254409216,531.3941116538532,469.38871385406986
13.022,0.1497310442096537,5.617643956344602,0.013640880658071307,-0.030708344385099492,622.3758287047648,348.3216851636167,529.7530726525534,466.3090788177378
13.036,0.1597174228492896,5.593693407101534,0.009986378639635918,-0.023950549243068466,623.8558848576528,348.0908395467404,528.4341003527284,463.8262405349246
13.052,0.16624895857530023,5.576340887132837,0.006531535726010607,-0.01735251996869754,624.8226297338311,347.9318662530055,527.407011021083,461.99411781246084
13.067,0.1694793142274895,5.565471515365233,0.0032303556521892604,-0.010869371767604045,625.3003719285941,347.8509086217423,526.6507470527731,460.8475966787814
13.082,0.16951510734880376,5.561012317791685,3.579312131428338E-5,-0.0044591975735477725,625.305663957895,347.85000294775136,526.1531469895432,460.4056708585265
13.098,0.16641618350568999,5.562928813460172,-0.003098923843113788,0.0019164956684875906,624.8473672826802,347.9277132220991,525.9107447236355,460.6731996799131
13.113,0.160196398517536,5.571222300525951,-0.006219784988153993,0.008293487065778505,623.9268140272927,348.0793961714571,525.9286364891282,461.64152541883595
13.128,0.1508247539618194,5.585928080423555,-0.009371644555716607,0.014705779897603424,622.5380361629511,348.29712379516167,526.2204144599159,463.2880614792722
13.143,0.13822719429367575,5.607114209588464,-0.012597559668143648,0.021186129164909202,620.6681153571585,348.569273430219,526.8081396402833,465.57485004273605
13.158,0.12228989509663334,5.634879632453171,-0.015937299197042412,0.027765422864707505,618.297797860009,348.87978571140627,527.7222909376118,468.44599141247704
13.173,0.10286569536004549,5.669349395585213,-0.01942419973658785,0.034469763132042086,615.4026572456401,349.20709818830113,529.001556983363,471.8237767987901
13.189,0.0797867698042816,5.710662633735352,-0.0230789255557639,0.041313238150139264,611.9553215896666,349.5228085801215,530.6921959939968,475.60335592356546
13.205,0.05288911210113949,5.758945574772127,-0.026897657703142105,0.04828294103677502,607.9296687199003,349.79025453611007,532.8464213996428,479.6459666624738
13.221,0.02205820237096806,5.814256490072618,-0.030830909730171427,0.055310915300490975,603.3084620438325,349.96350915774315,535.5188130885583,483.77144425324
13.236,-0.012690476391949423,5.876483412131272,-0.034748678762917484,0.062226922058653225,598.0964796352528,349.9879215477733,538.7591189141641,487.7524947248256
13.252,-0.05108267142952993,5.945175430239105,-0.038392195037580505,0.0686920181078329,592.3409312790945,349.80433460460495,542.5993960024869,491.3168063812155
13.267,-0.09241445551184782,6.019314736364587,-0.041331784082317885,0.07413930612548239,586.1575547325417,349.3599233697494,547.0346900779197,494.168077357072
13.283,-0.13540580426134724,6.097119535882152,-0.04299134874949941,0.07780479951756587,579.7511382154322,348.6269948442391,552.002036099933,496.037941967523
13.298,-0.17822941132079967,6.176083694886136,-0.04282360705945243,0.07896415900398442,573.4069033193884,347.6238707287397,557.3723572747016,496.76438612660473
13.313,-0.2188380878743576,6.2534208417990955,-0.040608676553557946,0.07733714691295948,567.4356646579613,346.4225531252998,562.9716540475958,496.3561137755777
13.328,-0.2554593303876781,6.326730075907254,-0.03662124251332048,0.07330923410815833,562.0965211251637,345.1320994445572,568.6261724480667,494.9899108979523
13.344,-0.28692112710648904,6.39442352989274,-0.031461796718810935,0.06769345398548585,557.5499154993984,343.8679614295406,574.2012588068876,492.9408723357684
13.359,-0.31265762562410526,6.455715695585182,-0.025736498517616196,0.061292165692441496,553.8617246621751,342.72792140590803,579.6130822192146,490.5009486604429
13.375,-0.3325305794271626,6.510367628063171,-0.019872953803057328,0.05465193247798881,551.0345964639873,341.7828947953717,584.8195678698413,487.928629276764
13.391,-0.3466398733448158,6.558424149613634,-0.014109293917653216,0.04805652155046297,549.0390800445361,341.07793816643624,589.8055996223497,485.4319851533903
13.406,-0.3551927525817709,6.600036680884357,-0.008552879236955135,0.04161253127072351,547.8343361161403,340.6369208691522,594.5707689174804,483.17009542513347
13.421,-0.35842992221383496,6.635366682010214,-0.003237169632064032,0.03533000112585709,547.3793446706242,340.46731517583385,599.1212617708138,481.2606886519925
13.437,-0.3565882693537518,6.664540645873804,0.0018416528600831384,0.02917396386358981,547.6381257934576,340.5639858910462,603.4649433128118,479.78814487812974
13.452,-0.3498833911698751,6.687633061283824,0.006704878183876713,0.023092415410020332,548.5817601043041,340.9119037059278,607.6084295723423,478.80988154284523
13.468,-0.3385017964890809,6.7046632212552915,0.011381594680794195,0.017030159971467125,550.1888579933111,341.48798582208127,611.5552791299623,478.3607820851779
13.483,-0.32259752982426215,6.715598484537158,0.01590426666481876,0.010935263281866156,552.4453254094385,342.2622680986979,615.304787718268,478.45583622232425
13.498,-0.302290893352924,6.720360562795476,0.02030663647133816,0.004762078258318261,555.3437995070047,343.1985466320431,618.8511110513267,479.0912299538924
13.514,-0.2776686870250591,6.718833741792727,0.024622206327864878,-0.0015268210027491267,558.8828432127355,344.25456463395363,622.1825970111072,480.2440538199401
13.53,-0.24878662751843478,6.710875617503915,0.028882059506624303,-0.007958124288811964,563.0657811374374,345.3817852312054,625.2813206707528,481.8707102052797
13.545,-0.2156758418463124,6.696332634674863,0.033110785672122375,-0.014542982829052491,567.8988508415906,346.52479729625816,628.1229251250617,483.9040565630738
13.561,-0.1783569563332101,6.675065000014487,0.03731888551310227,-0.021267634660376036,573.38807484732,347.6204777111501,630.677017954753,486.2493960421871
13.576,-0.1368675822869867,6.646988761841366,0.04148937404622341,-0.02807623817312092,579.5339002515548,348.5972367208983,632.9085979194631,488.7797664771393
13.592,-0.09131168850985176,6.6121466357643515,0.04555589377713494,-0.034842126077014535,586.3222723109347,349.37509754060005,634.7813063064435,491.3318586484181
13.607,-0.04194044839100734,6.570820690485367,0.04937124011884442,-0.04132594527898438,593.7107769116345,349.86809424605616,636.2636091586215,493.7056987441838
13.623,0.010732591536980807,6.523690529290406,0.05267303992798815,-0.0471301611949604,601.6098578239414,349.9913609438447,637.3388584476677,495.67402468400894
13.639,0.065805462364153,6.472003755663146,0.055072870827172195,-0.05168677362726015,609.8636968652421,349.67534026736206,638.0184680888098,497.0093446836833
13.654,0.12192482385796172,6.417654915353023,0.056119361493808716,-0.05434884031012274,618.2434449140957,348.88645578986143,638.3531538341686,497.532342403484
13.67,0.17739290075706088,6.363024036259645,0.05546807689909915,-0.05463087909337781,626.4695984634307,347.64606448254807,638.4326891338014,497.16825167098
13.687,0.2304710250104243,6.310539723350882,0.053078124253363425,-0.052484312908763625,634.2654179178031,346.0338355824372,638.3680686544627,495.9777192754141
13.701,0.27972523448418585,6.262186686817782,0.04925420947376154,-0.048353036533099955,641.4137359863477,344.1697002551267,638.2641744063451,494.1366308160133
13.717,0.3242045766288323,6.219252815889653,0.04447934214464643,-0.04293387092812953,647.7832352081894,342.1856618405627,638.199893062908,491.8792139840217
13.733,0.3634073713825153,6.1823776855745605,0.03920279475368299,-0.03687513031509232,653.319169526515,340.2036595849151,638.2236238971944,489.4421415597499
13.748,0.3971426845092747,6.151750428627572,0.03373531312675942,-0.030627256946988247,658.0177491585031,338.32548854994513,638.3592322221866,487.03171811637776
13.763,0.4253927591739888,6.12730746134934,0.028250074664714075,-0.024442967278232485,661.9017853128297,336.6315079880345,638.6146810880399,484.8128522147076
13.778,0.4482170161306573,6.108872396068427,0.022824256956668534,-0.018435065280913758,665.0039041378209,335.1831810797519,638.9891788549282,482.9100712130503
13.794,0.46569620171675735,6.09623966823404,0.017479185586100045,-0.012632727834386594,667.3567459243897,334.02637344372647,639.4779524434944,481.41284797259766
13.81,0.4779036103214658,6.0892198705709095,0.012207408604708425,-0.007019797663130852,668.9878012766735,333.1941563095401,640.0750799601948,480.38129754842566
13.825,0.4848918924396794,6.087662640427623,0.00698828211821363,-0.0015572301432867945,669.9169075011133,332.70880168805974,640.7750170804005,479.85074072213376
13.841,0.48668810799506124,6.091467184484938,0.001796215555381865,0.0038045440573149757,670.155168197274,332.5830018336144,641.5732953235013,479.83474730044236
13.856,0.48329305962401503,6.100585841240707,-0.003395048371046207,0.009118656755769247,669.704639041344,332.8204174670293,642.4666739648746,480.32666566856494
13.872,0.474683232156684,6.115022918330983,-0.008609827467331025,0.014437077090276394,668.5585087351598,333.41563206765176,643.4528673032596,481.29973117331235
13.888,0.46081531793042513,6.134828776772694,-0.013867914226258878,0.019805858441710206,666.7017790494978,334.3535361337095,644.5298416212355,482.7058370618623
13.903,0.4416348262997269,6.160087059840651,-0.019180491630698213,0.025258283067957583,664.1127010538951,335.6081176168074,645.6945618765747,484.4730636223894
13.919,0.4170920846813634,6.190890480130644,-0.024542741618363534,0.03080342028999308,660.7655321220923,337.14062164770496,646.9409546516932,486.50219989915803
13.934,0.3871712795103731,6.227297339603422,-0.02992080517099028,0.036406859472777595,656.6355882503262,338.8971207172399,648.2567565350503,488.6629218171141
13.951,0.35194066978963223,6.26925750507035,-0.03523060972074085,0.04196016546692778,651.7080259268472,340.80582393760744,649.6189231539613,490.79127539742177
13.967,0.3116324324031178,6.316496127099681,-0.04030823738651444,0.04723862202933119,645.9919274198362,342.775147039702,650.9876264080409,492.69193393036096
13.982,0.26675231656633325,6.3683550496523225,-0.0448801158367845,0.05185892255264186,639.5400019125663,344.69481071812584,652.300023596422,494.1510981289522
13.997,0.21819192054822592,6.423630374828151,-0.04856039601810733,0.05527532517582811,632.4697150806551,346.44356456526543,653.4672871677518,494.9666333675467
14.013,0.16727007581577003,6.480509941061385,-0.0509218447324559,0.05687956623323373,624.9736725455926,347.9064423194119,654.380660447281,494.99562976209904
14.028,0.11561050825259223,6.536741998959349,-0.05165956756317779,0.056232057897964344,617.3029714028527,348.9986818083706,654.9302479027261,494.20263514023435
14.043,0.06485062000032965,6.590043628610398,-0.050759888252262575,0.053301629651048794,609.7207760347679,349.6846903102715,655.0305575216985,492.6777800090629
14.058,0.01633330248485361,6.63853679066606,-0.04851731751547604,0.04849316205566233,602.4498864405391,349.97999218705297,654.6378730928192,490.6086309815085
14.074,-0.02904156661302152,6.68096407516249,-0.04537486909787513,0.042427284496429726,595.644377332798,349.93674850142963,653.7501013055623,488.22530493905003
14.089,-0.07078053174710477,6.71664683663432,-0.041738965134083254,0.0356827614718299,589.3917830733159,349.6244155665659,652.3939896261593,485.75201001189816
14.105,-0.10867114294103253,6.745318403664559,-0.037890611193927747,0.028671567030238716,583.731393191665,349.11516499845277,650.6101624834096,483.38068632847114
14.12,-0.14265739434995142,6.766956471442973,-0.033986251408918894,0.021638067778414247,578.6738980151808,348.47625188606116,648.4420311452158,481.2633280627348
14.136,-0.17275081763472694,6.781662887278347,-0.030093423284775527,0.01470641583537348,574.2160695743571,347.76734731261035,645.9294097292544,479.51406204898626
14.151,-0.19897691586445093,6.789590457512166,-0.026226098229723986,0.007927570233819934,570.3500195356935,347.0403980491968,643.1055266352404,478.2144663199026
14.167,-0.2213463347709079,6.790902190114993,-0.02236941890645697,0.0013117326028269727,567.0685035645828,346.3404132238395,639.9960133236849,477.41893289939907
14.183,-0.2398410059896052,6.785749571890603,-0.01849467121869731,-0.005152618224389594,564.3677720245108,345.7063633802682,636.6189191114869,477.1589089798729
14.197,-0.25440874218518106,6.774261001785548,-0.014567736195575835,-0.011488570105055352,562.2490160863023,345.1718402912484,632.9852265462664,477.445755065718
14.213,-0.2649625136269983,6.756535347831489,-0.01055377144181722,-0.01772565395405832,560.7190364777936,344.76534773476385,629.0996157504427,478.2722628303384
14.229,-0.27138250511973905,6.7326382266380875,-0.006419991492740769,-0.023897121193401857,559.7904600662569,344.51018268037967,624.9613878595808,479.6129219958997
14.245,-0.27352034261976016,6.702600428609213,-0.002137837500021134,-0.03003779802887417,559.4816128996983,344.4238910526583,620.5655634785043,481.4229822236803
14.26,-0.2712059812298891,6.6664194620072275,0.00231436138987108,-0.03618096660198592,559.8159701921724,344.517278373223,615.9042656207918,483.63630336948984
14.276,-0.26425903417082597,6.624066980016193,0.006946947059063105,-0.0423524819910348,560.8208856372378,344.7929452623629,610.9686101765958,486.1619861571948
14.292,-0.2525081582235761,6.5755073990877415,0.011750875947249863,-0.04855958092845106,562.5249953739254,345.2433269664245,605.7514827506974,488.8799197590196
14.308,-0.23582475364360056,6.520736702362809,0.01668340457997551,-0.05477069672493202,564.9532513536157,345.848295873888,600.251775358745,491.63586119774993
14.323,-0.21418032889304056,6.459854813096154,0.021644424750560005,-0.06088188926665555,568.1180163902901,346.5726411070981,594.4808015359989,494.23781492733644
14.339,-0.187737883311402,6.393186584117059,0.026442445581638552,-0.06666822897909554,572.0044491763482,347.36434146047793,588.4713846848791,496.457735126857
14.355,-0.15697879583689991,6.321454654432529,0.030759087474502105,-0.07173192968453,576.549769669297,348.15561648967946,582.2887706822813,498.04578917412516
14.371,-0.1228341146568526,6.245962835113482,0.034144681180047314,-0.07549181931904639,581.6211815621594,348.869805645164,576.0390999678693,498.76590421038577
14.386,-0.08673063592335192,6.168667795487488,0.03610347873350067,-0.0772950396259943,587.0067086148813,349.4361883178951,569.8666025617603,498.45369321073565
14.401,-0.050436026354994695,6.091979695753303,0.03629460956835723,-0.07668809973418395,592.4378031087788,349.8092559829946,563.9314021643091,497.0756306419545
14.417,-0.01570107671861333,6.018287603197177,0.034734949636381365,-0.07369209255612642,597.6449352582466,349.981511094075,558.3733540092647,494.74940431009384
14.433,0.016102357104470714,5.949479435851191,0.031803433823084044,-0.06880816734598538,602.4152491891682,349.98055397735476,553.2832432217546,491.7058022206302
14.449,0.044134402275826615,5.886744545391034,0.028032045171355904,-0.06273489046015684,606.618011375795,349.8539353017793,548.6973703051287,488.220113748548
14.464,0.06802198519985278,5.8306677090013865,0.023887582924026166,-0.05607683638964729,610.1954311732015,349.6531095005797,544.6107635886303,484.5554867139606
14.48,0.08770448219804246,5.781437668215665,0.019682496998189674,-0.0492300407857213,613.1388130761475,349.42346399059977,540.9950376018329,480.9349678992377
14.496,0.10329273110113674,5.739032700479914,0.015588248903094272,-0.042404967735751836,615.4663726030439,349.20050709868184,537.8123813046724,477.5354502569365
14.511,0.11497341116290641,5.703342366323509,0.011680680061769677,-0.035690334156404255,617.2080412711524,349.0096752416108,535.0241578823299,474.49198200687715
14.527,0.1229530928580363,5.674235003758134,0.007979681695129892,-0.029107362565375886,618.3965305694014,348.867617912725,532.5955161302215,471.90495338943157
14.543,0.1274280999927463,5.651590713486575,0.004475007134709984,-0.022644290271558024,619.0625277969347,348.78380299612957,530.497655204858,469.84685823078496
14.559,0.12856911265688167,5.63531526454216,0.0011410126641353837,-0.01627544894441552,619.2322795546897,348.76195556367986,528.7088681011046,468.36760751543727
14.575,0.12651366423088306,5.625344388470878,-0.0020554484259986015,-0.009970876071282116,618.9264666156769,348.80117224486395,527.2150015972799,467.49829598499235
14.591,0.12136278855337279,5.621643642419583,-0.005150875677510264,-0.0037007460512951135,618.1597625925689,348.8966857340402,526.0096586823033,467.253596598287
14.606,0.11317998047595064,5.624206409871604,-0.008182808077422155,0.0025627674520208414,616.9407752162684,349.0402970175243,525.0942948233647,467.6329782395793
14.621,0.10199177374404703,5.633051044863018,-0.01118820673190361,0.008844634991413755,615.2722560720663,349.2205019240628,524.4782634216607,468.62088257085173
14.636,0.08779000525498099,5.648217105134001,-0.01420176848906604,0.01516606027098282,613.1515921795008,349.42233977268626,524.1788050160765,470.1859234573882
14.651,0.07053651462347464,5.6697596639151895,-0.01725349063150634,0.021542558781188378,610.5717056917053,349.62699969847677,524.2209184394987,472.27911562365824
14.668,0.05017185533696585,5.697739521874366,-0.02036465928650879,0.027979857959176405,607.5226213641495,349.81124846890384,524.6369737571282,474.8311245717248
14.683,0.02663077279457177,5.732205478979689,-0.023541082542394082,0.03446595710532254,603.9941437736185,349.9468132889648,525.4657979548551,477.74860867137994
14.698,-1.311479842568304E-4,5.7731625023324975,-0.0267619207788286,0.04095702335280829,599.9803278024178,349.99999871001546,526.7507553682665,480.9100049017171
14.714,-0.03009341407636161,5.820516991414062,-0.02996226609210478,0.04735448908156484,595.4866691828,349.932084107887,528.5360479777924,484.16179140200126
14.729,-0.06310231996880318,5.873989415861421,-0.03300890589244157,0.0534724244473583,590.540932436737,349.70145637512553,530.8601722798227,487.31761410049177
14.745,-0.09877655676936795,5.932991224884253,-0.03567423680056477,0.059001809022832176,585.2075983313897,349.2688341646524,533.7455808401202,490.1647558789741
14.759,-0.13640307836386056,5.996487747657388,-0.03762652159449261,0.06349652277313443,579.6029264564178,348.60672727322174,537.1850072290217,492.4841755700903
14.775,-0.1748748363353251,6.062917199361138,-0.038471757971464536,0.06642945170375,573.9022673628267,347.7122484806139,541.1285782172465,494.08808425889004
14.791,-0.2127504704642694,6.130274912122824,-0.03787563412894429,0.06735771276168677,568.3276270364653,346.6180779810551,545.4803455411686,494.8678730172529
14.805,-0.24847511720417942,6.196415129070228,-0.03572464673991003,0.06614021694740385,563.1110708543331,345.393283567316,550.1118704458195,494.8289579852384
14.821,-0.2806752131603165,6.259449040222891,-0.032200095956137084,0.06303391115266274,558.4493245803737,344.13029304130646,554.8892188589243,494.0880392475365
14.836,-0.30836188628047356,6.318012435784812,-0.027686673120157046,0.05856339556192166,554.4752704267285,342.92480189694334,559.698283710799,492.83384142503326
14.852,-0.3309622699479058,6.371296069473409,-0.022600383667432243,0.05328363368859742,551.2570160482483,341.85951330622584,564.4565358176183,491.2776269265564
14.867,-0.3482316242415299,6.418915498555189,-0.017269354293624164,0.04761942908177968,548.8145837638672,340.99664238815694,569.111657164184,489.61706094288365
14.883,-0.3601361924428399,6.460745385958231,-0.011904568201309963,0.041829887403041346,547.139746187655,340.37732568650273,573.6340274580328,488.01896297072585
14.898,-0.3667579406529055,6.496787801592214,-0.00662174821006562,0.03604241563398339,546.2113685676338,340.02422336379186,578.0086521335595,486.61526250953267
14.913,-0.3682319641980333,6.527088099578833,-0.001474023545127789,0.03030029798661897,546.0050280747399,339.9447855648447,582.2287886176823,485.50521690567155
14.928,-0.36470987181835124,6.55168826688298,0.0035220923796820593,0.024600167304146492,546.4982604255806,340.13409243474985,586.2915105959881,484.7594610284906
14.944,-0.35633985539519586,6.5706044451816945,0.00837001642315538,0.018916178298714535,547.6730454648764,340.5769889742952,590.1947725107132,484.42379195941317
14.959,-0.34325652394205514,6.583818797584363,0.013083331453140709,0.013214352402668453,549.5166867676335,341.2495489730242,593.9354883409989,484.52191220748057
14.975,-0.3255764488609536,6.591279901637734,0.017680075081101528,0.007461104053371542,552.0217492565266,342.11997556851884,597.5082745732432,485.05694074762044
14.99,-0.3033976089882915,6.5929089271057,0.022178839872662143,0.0016290254679658146,555.1853468167265,343.1490372306531,600.9046596327198,486.0117140767536
15.006,-0.27680260660474465,6.588611147105991,0.026595002383546833,-0.004297779999709451,559.0077946719789,344.2901212916025,604.1126947848098,487.34796968102694
15.021,-0.24586697187470705,6.5782943064506885,0.030935634730037596,-0.010316840655302636,563.4904027048468,345.4890006335384,607.11702357471,489.0045675643673
15.036,-0.21067535032945336,6.561897409380601,0.03519162154525368,-0.01639689707008781,568.6319451364069,346.6834862350722,609.8995969158642,490.89507008536305
15.051,-0.1713498938911081,6.539435607792366,0.03932545643834526,-0.022461801588234437,574.4231055936297,347.8033236179937,612.4413677690131,492.9053971426812
15.067,-0.12809611498813206,6.511068163562126,0.043253778902976034,-0.028367444230239885,580.8380866522549,348.7710357457173,614.7254300347735,494.8930667967374
15.082,-0.0812697078932702,6.477193950046128,0.04682640709486185,-0.033874213515998904,587.82295856909,349.5049151766921,616.7420392641586,496.6908070677022
15.098,-0.0314590163237396,6.438566507435975,0.04981069156953061,-0.038627442610152996,595.2819258638119,349.92578089323206,618.4954336109271,498.11867228170127
15.113,0.020442683084996936,6.3963918595045985,0.05190169940873653,-0.04217464793137605,603.0661888905984,349.9686583446261,620.0109243771622,499.0085051618125
15.128,0.07322733524888964,6.352335427883901,0.052784652163892706,-0.04405643162069784,610.974286350474,349.5980114810949,621.3385399862356,499.2395239252479
15.144,0.12547786022348323,6.308363845501218,0.05225052497459361,-0.043971582382682485,618.7723276397135,348.8206965276915,622.5487093467137,498.7731521301358
15.159,0.17578065805176196,6.26643573229862,0.05030279782827873,-0.041928113202598226,626.2315228745697,347.6885479909696,623.7192041173786,497.66750736348376
15.175,0.22294546059760106,6.228183461824877,0.047164802545839095,-0.038252270473744104,633.1654709636958,346.2875645287604,624.9193533250026,496.06073149764313
15.19,0.26612164919630205,6.194743587714451,0.04317618859870096,-0.033439874110425594,639.4487397595365,344.7197185299376,626.1997697177318,494.13345549154155
15.206,0.3047875367241758,6.166769517671228,0.03866588752787373,-0.027974070043223533,645.0135766477342,343.0866098465491,627.5906250225524,492.07130958671223
15.221,0.3386677531559873,6.144548457892055,0.033880216431811515,-0.022221059779173023,649.8346221951758,341.47971738261316,629.1056464291581,490.0405115501587
15.237,0.36764036996108046,6.128135110218724,0.02897261680509318,-0.01641334767333068,653.9121719527767,339.9767041879978,630.7477178118618,488.17727120564945
15.252,0.3916644010124539,6.117458186087179,0.024024031051373455,-0.010676924131545602,657.2590961075047,338.6412489591447,632.5136661426741,486.58604844819627
15.268,0.4107326982190693,6.112391981678326,0.01906829720661539,-0.005066204408852832,659.8921790582708,337.5242774482092,634.39755126695,485.3418134640081
15.284,0.4248448333523327,6.112800092017581,0.014112135133263374,4.081103392554238E-4,661.8269120931368,336.6654050629769,636.3926122880293,484.4933333898797
15.299,0.43399320949930015,6.118560369656453,0.009148376146967447,0.0057602776388711585,663.0745739700676,336.0940781903991,638.4922213298578,484.06606181795064
15.314,0.43815738146360267,6.129577883542084,0.004164171964302498,0.011017513885631755,663.6407446110128,335.83024562061223,640.6901343300169,484.064079436411
15.33,0.4373036900985437,6.1457897108363655,-8.536913650589546E-4,0.01621182729428141,663.5247643269631,335.8845256723656,642.9802060054199,484.47093529105416
15.345,0.4313891381083958,6.167162888502145,-0.005914551990147892,0.02137317766577981,662.7199618149758,336.25786725884115,645.3556177714323,485.2494091527938
15.36,0.4203700131080364,6.193684687433805,-0.011019125000359398,0.026521798931659787,661.2147420023099,336.94070016467214,647.8075651699054,486.3403240242543
15.375,0.40421731487738494,6.225342244217905,-0.016152698230651463,0.03165755678409999,658.9948907976981,337.9115762355274,650.3232688559301,487.66070969845947
15.39,0.38294264502229447,6.262086378874515,-0.021274669855090494,0.03674413465660961,656.0477384861624,339.135369373092,652.8831340476673,489.1019832534749
15.406,0.3566394296035886,6.303772746415172,-0.02630321541870588,0.041686367540657326,652.3690654266503,340.56130686052694,655.4569631707387,490.5295197842064
15.421,0.32554349250454623,6.350074658896553,-0.03109593709904233,0.04630191248138092,647.9735669608516,342.1215566796701,657.9994895080083,491.7861178726206
15.438,0.290110310470331,6.400371269767457,-0.035433182034215235,0.05029661087090401,642.9086891546145,343.7318489237256,660.4463796060957,492.70308579053835
15.452,0.2510889965091506,6.453639073464635,-0.03902131396118034,0.05326780369717817,637.2688431886601,345.2963637789297,662.7132767045024,493.1225482086777
15.467,0.20954763565055173,6.508410519328777,-0.0415413608585989,0.05477144586414137,631.2026178320655,346.718767171845,664.7015016242244,492.930342584599
15.483,0.16679574211815712,6.562876456378832,-0.0427518935323946,0.05446593705005481,624.9035127290933,347.91827153449265,666.3123346260716,492.089383304862
15.499,0.1241957420417665,6.615145171177773,-0.04260000007639061,0.05226871479894168,618.5815065419271,348.8446425459523,667.465984422298,490.6554595606058
15.515,0.0829424957827874,6.663549115924357,-0.04125324625897911,0.04840394474658319,612.4271142887941,349.48433640503356,668.1158594648923,488.7637809067676
15.531,0.04392264535671359,6.706843934823395,-0.0390198504260738,0.0432948188990379,606.5862786199966,349.8553333516688,668.2510339696839,486.59398168367187
15.546,0.007697719174511772,6.7442379058449475,-0.03622492618220182,0.03739397102155262,601.1546464730249,349.99555590590785,667.8883031502918,484.3332612104152
15.563,-0.02542876627529271,6.775305749305224,-0.03312648544980448,0.03106784346027643,596.1860961155066,349.95150595162374,667.0604607905191,482.1514470707988
15.578,-0.05532109968458261,6.799870109039365,-0.029892333409289897,0.024564359734141523,591.7060670503013,349.770526727477,665.8061300646225,480.18977630848644
15.593,-0.08193456267857543,6.817900506088692,-0.026613462993992816,0.018030397049326213,587.7235622094513,349.4967861700538,664.1629642060865,478.55885582026826
15.609,-0.10526199874270298,6.829443188331441,-0.02332743606412755,0.011542682242748795,584.2398418455282,349.16976039045596,662.1638411332815,477.3409363037721
15.625,-0.12530076597437376,6.834577571831419,-0.02003876723167078,0.005134383499978741,581.2540279440248,348.8240186652564,659.8350772013463,476.59341522647685
15.641,-0.1420340112217343,6.83339086182047,-0.016733245247360553,-0.001186710010949137,578.7664597432838,348.4895173679489,657.1958284821226,476.3520768575323
15.657,-0.15542111049138055,6.825963762409381,-0.013387099269646235,-0.007427099411088615,576.7805778582544,348.19196481389747,654.2581442446449,476.63349511793297
15.672,-0.16539383501552174,6.812362595623486,-0.009972724524141205,-0.013601166785894882,575.3038793504303,347.95303857934755,651.0273786780992,477.43644156819596
15.687,-0.17185629143443737,6.79263524481436,-0.006462456418915633,-0.01972735080912646,574.3482616363024,347.79035259082514,647.5028280081198,478.742288120436
15.703,-0.1746878331939355,6.766809961517414,-0.0028315417594981297,-0.025825283296945493,573.9298904734745,347.7171262558102,643.6785682301412,480.51442273129067
15.719,-0.17374911806322646,6.7348974616603705,9.387151307090383E-4,-0.03191249985704381,574.068566240899,347.7415335753537,639.5445562940428,482.69669178192476
15.735,-0.16889252438847294,6.696898204617393,0.0048565936747535215,-0.037999257042977595,574.7863898330369,347.86572916787856,635.0881520602163,485.21090553857135
15.75,-0.15997945604070937,6.65281860585263,0.008913068347763568,-0.04407959876476318,576.105311246474,348.0845834291069,630.2963395441707,487.953566595634
15.765,-0.14690877080436032,6.602702347613319,0.01307068523634905,-0.050116258239311075,578.0428642012082,348.3842450784901,625.1590764444815,490.79232962373925
15.78,-0.1296623256396111,6.546685497392421,0.01724644516474922,-0.056016850220898334,580.6051034689332,348.7408416963855,619.6743313100369,493.5634761010251
15.795,-0.10837381652409504,6.48508462149778,0.021288509115516066,-0.061600875894640535,583.7757297878286,349.1199954938386,613.855293660936,496.0731167169132
15.811,-0.08342132392148809,6.418519476399142,0.02495249260260696,-0.06656514509863756,587.5013098319972,349.4783688166427,607.7395246636328,498.10681380759513
15.827,-0.055524964571425445,6.348046026402469,0.02789635935006264,-0.07047344999667353,591.6755342713807,349.7688327734881,601.397822004653,499.45342490384553
15.842,-0.025796861717258833,6.275228529830063,0.029728102854166612,-0.07281749657240581,596.1308999092774,349.95009191223585,594.9373959004593,499.9453436643528
15.857,0.004332350354213921,6.202047266973086,0.030129212071472754,-0.07318126285697732,600.6498505202588,349.9985923077324,588.4924941611869,499.5051095113598
15.872,0.033339232829070004,6.130602056719105,0.029006882474856083,-0.07144521025398073,604.9999585582074,349.9166448878049,582.2011774039904,498.173906355438
15.888,0.05989325131256774,6.0627362526542194,0.026554018483497734,-0.06786580406488477,608.9786174310842,349.7310402990182,576.1784425967253,496.10094338990467
15.903,0.08304679373112343,5.99979105299758,0.023153542418555693,-0.06294519965663947,612.4427051307698,349.4830394694619,570.5002876105906,493.499821868469
15.919,0.10226078745684902,5.942580033722803,0.019213993725725593,-0.057211019274776946,615.3123978802167,349.21638807838076,565.2037495711488,490.5992843729402
15.934,0.11731906251358465,5.891509074203466,0.015058275056735628,-0.05107095951933746,617.5575183566378,348.9689012819666,560.2967818549208,487.60947274386206
15.95,0.12821521356951654,5.846728042859673,0.01089615105593189,-0.04478103134379319,619.1796316311109,348.7687525339071,555.7699062115918,484.7069985216393
15.966,0.13505936495423873,5.808251739633254,0.006844151384722204,-0.03847630322641924,620.1973703373502,348.6340009266249,551.6054650965061,482.03246619302536
15.981,0.1380153641618838,5.776037731715757,0.0029559992076450834,-0.03221400791749664,620.636643444913,348.5736482264857,547.783769480698,479.6936648339976
15.996,0.13726271369075183,5.750030101434947,-7.526504711319907E-4,-0.02600763028080949,620.5248135839845,348.5891383222296,544.2868404627648,477.7702958273711
16.011,0.13297482772934788,5.730181253935975,-0.004287885961403955,-0.019848847498971853,619.8874935721655,348.6757801372405,541.1006092196112,476.31835475095335
16.027,0.12530712762944818,5.716460990011019,-0.007667700099899687,-0.013720263924956563,618.7469188226695,348.8238994068367,538.2162151307732,475.3735171972038
16.043,0.11439095861977797,5.7088585478096165,-0.01091616900967021,-0.007602442201401889,617.1212472928423,349.0196728326074,535.630793924157,474.9534094156459
16.058,0.10033120534784615,5.707380677843331,-0.014059753271931817,-0.0014778699662849988,615.024444279864,349.24565680139995,533.3479662835077,475.0588236088161
16.074,0.0832067898644189,5.712047002704732,-0.01712441548342724,0.004666324861400345,612.4666216797172,349.48104677147137,531.3781158951423,475.67397141316815
16.089,0.06307419137088424,5.72288257496796,-0.020132598493534656,0.010835572263227917,609.4548566674473,349.70172238621046,529.7384569189803,476.7658621391031
16.104,0.039974967024675706,5.739906355294172,-0.02309922434620854,0.017023780326212587,605.994648183374,349.88016610998795,528.4528069472525,478.282903065678
16.119,0.013949141385069645,5.763113062744564,-0.02602582563960606,0.023206707450391294,602.0923033533296,349.985406845725,527.5508786053276,480.15289893394936
16.135,-0.014942705087210309,5.792444466168024,-0.028891846472279954,0.02933140342346025,597.7586776478239,349.983253978948,527.0667635485564,482.28084761156776
16.151,-0.046585082368111604,5.8277451051956355,-0.031642377280901295,0.03530063902761155,593.0147648091366,349.8372666906612,527.0361116840202,484.5473900362938
16.167,-0.08075794197706389,5.86869809219359,-0.034172859608952284,0.04095298699795467,587.899471680253,349.51112739319103,527.4913787609702,486.8095698820091
16.183,-0.1170728376934774,5.914742267295082,-0.03631489571641352,0.04604417510149137,582.479162016138,348.9732198629782,528.4546523522336,488.9066052846663
16.2,-0.15490699970084978,5.964987071123183,-0.03783416200737238,0.050244803828101064,576.8567680116406,348.2038825845429,529.9284050925039,490.6739803374742
16.214,-0.19336545868022528,6.018166273894973,-0.0384584589793755,0.05317920277179016,571.1755929182251,347.2044617407507,531.8864473708755,491.9675890976822
16.229,-0.2313141464499279,6.072689086561702,-0.03794868776970262,0.05452281266672861,565.6114700179614,346.0048937730323,534.2696910280696,492.69399660534486
16.246,-0.2675076496364518,6.126820085132868,-0.03619350318652391,0.05413099857116583,560.3507166015557,344.6649035737067,536.991395082482,492.83488062090925
16.261,-0.3007751608911283,6.1789360434545655,-0.033267511254676516,0.05211595832169758,555.5609014070767,343.26606896347937,539.9518207487702,492.45171371860476
16.277,-0.3301779726552555,6.227739328135386,-0.029402811764127203,0.04880328468082101,551.3682910605106,341.8976986621869,543.0556549280645,491.6671884808063
16.294,-0.3550734077713278,6.272339186368058,-0.024895435116072305,0.04459985823267223,547.8511207742655,340.64314556884653,546.2242345503389,490.6343227800892
16.309,-0.37508902779618863,6.312208644904186,-0.020015620024860854,0.03986945853612795,545.0466946984012,339.5712514683066,549.399584184621,489.5080793429844
16.324,-0.39005316884879737,6.347082523473589,-0.014964141052608732,0.03487387856940326,542.9643613596434,338.7333266554459,552.5424230595206,488.4272167581263
16.339,-0.3999229632664866,6.376854114388484,-0.009869794417689228,0.029771590914894654,541.5978921565735,338.1636486180239,555.6276763584149,487.5060911963136
16.355,-0.4047285584702996,6.4014962857723265,-0.004805595203813028,0.02464217138384241,540.9346105053817,337.8813974539315,558.6398848488658,486.8328098689267
16.371,-0.40453600121028704,6.421010096479601,1.9255726001256475E-4,0.019513810707274655,540.96116166434,337.89276836722007,561.5694903321875,486.4703467211493
16.387,-0.3994249006002393,6.435395266716922,0.005111100610047743,0.014385170237321037,541.6667135527382,338.1927193894878,564.4101500297834,486.45848110545046
16.403,-0.38947629567647934,6.444635975025953,0.009948604923759916,0.009240708309031117,543.0444023796939,338.7662058993968,567.1569289824093,486.81547493113953
16.418,-0.3747674607623967,6.44869729979431,0.014708834914082643,0.00406132476835756,545.0915790521981,339.58891542317747,569.8051813051663,487.5390349354039
16.434,-0.3553720181660279,6.447529886575902,0.01939544259636878,-0.0011674132184084796,547.8091255946895,340.62756710122346,572.3499921211965,488.6064367756745
16.449,-0.33136523170856,6.441082480906433,0.024006786457467903,-0.006447405669469572,551.1998560479464,341.83986023068,574.7861393128067,489.97387807178825
16.464,-0.3028357080888657,6.4293238087838205,0.028529523619694342,-0.011758672122611998,555.2657894599894,343.1741960248494,577.1086229425707,491.5753099878255
16.48,-0.2699059230169859,6.412276899026826,0.03292978507187974,-0.017046909756994664,560.0038849724449,344.5693978084663,579.3138869246402,493.321284601899
16.496,-0.2327646699887571,6.390069833557425,0.03714125302822878,-0.022207065469400666,565.3997227340715,345.95485881984496,581.4018920958484,495.0988515775722
16.511,-0.19171359998753518,6.363005525109795,0.04105107000122193,-0.027064308447630397,571.4187931030363,347.25187473276173,583.3791159437446,496.7742833461399
16.527,-0.1472252679481815,6.331646339938683,0.044488332039353685,-0.031359185171112344,577.9959021119648,348.37728827598164,585.2622121258132,498.2011873668231
16.542,-0.09999903934556845,6.29689372784576,0.04722622860261305,-0.034752612092921936,585.0251308812568,349.2506391774471,587.0813295793546,499.2365453383726
16.557,-0.050985467536006544,6.260020870611858,0.0490135718095619,-0.03687285723390191,592.3554928798455,349.80507838818386,588.8811381321242,499.7648358536019
16.573,-0.0013426053173113267,6.2226065555761805,0.04964286221869522,-0.03741431503567726,599.7986092629075,349.99986480584244,590.7173532777633,499.72471508037864
16.588,0.04768888435893427,6.186352049160782,0.0490314896762456,-0.03625450641539846,607.1506215752203,349.82946509644887,592.6483215940456,499.1267634486161
16.604,0.0949516975251457,6.152838562758903,0.04726281316621143,-0.033513486401879795,614.2213625775156,349.32432101449126,594.7246695713935,498.0518536432047
16.619,0.13950373689278595,6.123332880665224,0.044552039367640246,-0.029505682093678834,620.8577534721269,348.54276865635694,596.9818760258308,496.63038622166675
16.634,0.1806664988948069,6.098712245622202,0.041162762002020965,-0.024620635043022407,626.9527896520283,347.5586226893349,599.4385054844427,495.0135790887227
16.65,0.21799811939565295,6.079498063197125,0.03733162050084604,-0.01921418242507633,632.44133353947,346.44985448330385,602.0990760392003,493.34896070858804
16.666,0.2512307762415281,6.065942740878742,0.03323265684587515,-0.013555322318382482,637.2894428935833,345.29107835199716,604.958769244112,491.7654021817093
16.681,0.28020665423323726,6.058121153239947,0.028975877991709142,-0.007821587638795176,641.4831373254576,344.1497461587679,608.0078025422247,490.3667149453984
16.696,0.30482823301977985,6.056003963570435,0.024621578786542565,-0.0021171896695124093,645.0193997054284,343.08477784223896,611.2345711240803,489.23054534075027
16.712,0.3250252939033519,6.059508840559808,0.02019706088357204,0.003504876989373011,647.899913331111,342.1463974319155,614.6275141476116,488.40967871800547
16.728,0.34073556590070503,6.068533393365696,0.01571027199735313,0.009024552805887993,650.1270690067774,341.3763663162615,618.1759674974287,487.93395606288396
16.743,0.351895137622455,6.082974845384462,0.011159571721749997,0.01444145201876599,651.7016146789343,340.80817817012974,621.8702757341985,487.81188974492056
16.758,0.3584357523825756,6.102740133360541,0.0065406147601205855,0.019765287976079224,652.6214742766315,340.46700838614674,625.7013437078209,488.0315927895807
16.774,0.36028749745975747,6.127748204546053,0.0018517450771818747,0.02500807118551253,652.8814930008315,340.36932605809227,629.659700955088,488.5609195247402
16.79,0.35738678016455644,6.157924382642103,-0.0029007172952010005,0.030176178096049604,652.4740993634828,340.52212955969367,633.7340566851315,489.3468949732953
16.805,0.3496908150777335,6.193184839364688,-0.007695965086822977,0.03526045672258526,651.3911026786749,340.9218030166727,637.9092504107458,490.31470666147686
16.821,0.3372010820921364,6.233407500096427,-0.012489732985597073,0.04022266073173861,649.627064461747,341.55265618457895,642.1634765409634,491.36685729832095
16.837,0.31999894635356596,6.278384683312969,-0.017202135738570434,0.04497718321654156,647.1848340686145,342.3853624285773,646.4647432544969,492.3836339826836
16.852,0.29829560617178646,6.327754159778048,-0.021703340181779506,0.04936947646507973,644.0837262895367,343.37581761381244,650.7668411292585,493.22686357625844
16.868,0.272493243545414,6.380912631718358,-0.025802362626372477,0.05315847194030999,640.370028109489,344.46543126450376,655.0058039926166,493.74970392676
16.884,0.24324193269801223,6.436932797147653,-0.029251310847401756,0.0560201654292953,636.1275576166753,345.5843383769484,659.0989302416422,493.81495613092295
16.899,0.21145971540000286,6.494529263333116,-0.03178221729800937,0.0575964661854626,631.4830986055638,346.658837109096,662.9492198837531,493.32131769532594
16.914,0.17827699379282552,6.552127856468828,-0.03318272160717733,0.05759859313571178,626.6001209592037,347.6226051963443,666.4569430886429,492.2304671186556
16.93,0.14489525202928866,6.608053543514102,-0.03338174176353687,0.05592568704527441,621.658317027356,348.42815535989973,669.5359046001838,490.58207408255123
16.946,0.11240926207546682,6.660770583359213,-0.032485989953821834,0.052717039845110586,616.8259020968475,349.05330931793264,672.1274403334979,488.48694897730707
16.962,0.08167454065668346,6.709063139215894,-0.030734721418783358,0.04829255585668188,612.2375649193666,349.4999732603464,674.2056191836488,486.1014382989725
16.977,0.05326670939592283,6.752092393797626,-0.028407831260760633,0.04302925458173135,607.986228548149,349.7872496361981,675.7729697755656,483.59665780231796
16.992,0.02751748202720266,6.789350810352791,-0.025749227368720172,0.037258416555164604,604.127101409738,349.9432126971866,676.8511709275389,481.13471285161756
17.007,0.004583553246714233,6.820572760429223,-0.022933928780488427,0.03122195007643174,600.6875305796175,349.99842433073115,677.4715459170503,478.85576788809647
17.023,-0.01548573323729181,6.845647359944523,-0.020069286484006042,0.025074599515299785,597.6772328533353,349.98201476437896,677.6678187517704,476.873725161966
17.038,-0.03269624028633571,6.864552310801681,-0.017210507049043897,0.018904950857158195,595.0964377534349,349.9198288329268,677.4714685327564,475.27673651697046
17.054,-0.047073734334706824,6.877310019938382,-0.014377494048371119,0.01275770913670076,592.9415473709827,349.83383545275717,676.9090981808529,474.1296536084452
17.069,-0.058641869541056706,6.883960829132625,-0.011568135206349884,0.006650809194242653,591.2087602445336,349.74215873815194,676.001115657713,473.47677985724323
17.084,-0.06740939591201577,6.884547643186984,-0.008767526370959056,5.868140543590049E-4,589.8962466258337,349.6593270322769,674.7611966503748,473.34416950431194
17.1,-0.07336349160212502,6.879107648664824,-0.005954095690109259,-0.00543999452215969,589.005345031618,349.59651587562536,673.196197785209,473.741190802193
17.116,-0.076467268281986,6.867668438276027,-0.003103776679860972,-0.011439210388797309,588.5410845578194,349.56167041354195,671.306342868326,474.6612787934051
17.132,-0.07666047203735724,6.850247225360631,-1.9320375537123548E-4,-0.01742121291539641,588.5121888954831,349.55945371666394,669.0856112764413,476.08187704873455
17.148,-0.07386321140182,6.826852974633678,0.0027972606355372368,-0.02339425072695262,588.9305900665729,349.59100295046403,666.522337586075,477.9635884851873
17.164,-0.06798331054752944,6.79749236181662,0.0058799008542905675,-0.02936061281705777,589.8103566164009,349.65350369341536,663.6001064454509,480.2485756531421
17.179,-0.058928740883952384,6.762181691258558,0.00905456966357706,-0.035310670558062154,591.1658038726956,349.7396306219042,660.2991150080268,482.8583193604337
17.195,-0.046627599459080835,6.720968353404246,0.012301141424871553,-0.04121333785431122,593.0083941707537,349.8369695633506,656.5982882766148,485.6910286400133
17.21,-0.03105913962543668,6.673966919208049,0.015568459833644153,-0.04700143419619716,595.3418780656816,349.9276555544207,652.4785609103006,488.61939818358167
17.225,-0.012299718091352115,6.621415606129244,0.018759421534084567,-0.05255131307880448,598.1550888044217,349.9886539131558,647.9278153357616,491.49015812295727
17.24,0.009414680105722422,6.563756038473823,0.021714398197074537,-0.057659567655421816,601.4121811539137,349.99335233399023,642.9477973447986,494.12798588069717
17.256,0.03361588607935751,6.501728205733485,0.02420120597363509,-0.06202783274033776,605.0414332934178,349.9152558959495,637.5625448433524,496.347415285739
17.272,0.059544604416671906,6.436449237377754,0.025928718337314395,-0.0652789683557312,608.9264136240259,349.734161565799,631.8261052026746,497.9758700206154
17.289,0.08614867192558233,6.369417204350311,0.026604067508910426,-0.06703203302744336,612.9063227081652,349.443724639587,625.8250828622369,498.88637462974737
17.304,0.11218011072957244,6.302383574002981,0.026031438803990115,-0.06703363034732991,616.7917458889393,349.05716108259037,619.671309016423,499.0295189229432
17.319,0.1363822890865813,6.237106238741994,0.024202178357008858,-0.06527733526098695,620.3939841127159,348.60715128152583,613.4845695571584,498.4479334154277
17.334,0.15768736226264213,6.175091285845759,0.021305073176060854,-0.062014952896235376,623.5552025307625,348.13896325320616,607.3726560106198,497.26349238280113
17.35,0.17533200642856933,6.117446684119356,0.017644644165927197,-0.05764460172640246,626.1652595299605,347.7003019419047,601.4181279104436,495.6448168000308
17.366,0.1888647640569284,6.0648811246677,0.013532757628359073,-0.052565559451656446,628.1615950522586,347.3327002539239,595.6754401341183,493.7726187824269
17.382,0.1980841023130147,6.017792696555693,0.009219338256086312,-0.04708842811200719,629.5186890045238,347.06681134591247,590.1754659760854,491.8152510671563
17.398,0.20295855565189513,5.976377369818197,0.004874453338880428,-0.04141532673749666,630.2352057895988,346.9211772715581,584.9326289339341,489.9165496800266
17.413,0.20355867072675923,5.940717977719862,6.001150748641106E-4,-0.0356593920983346,630.3233699531794,346.90300621390503,579.9515457951305,488.19235234796645
17.428,0.200008782133868,5.910844092530791,-0.0035498885928912424,-0.029873885189070918,629.8016906794929,347.00972495941835,575.2321080767618,486.7314507380663
17.444,0.19245613527685354,5.886767188076592,-0.007552646857014445,-0.024076904454198626,628.690538721076,347.2306115856836,570.7730306471276,485.59810147584574
17.459,0.18105239893079023,5.868498514827874,-0.011403736346063318,-0.018268673248718104,627.0097305215314,347.54821061996734,566.5742371440228,484.83459428643704
17.475,0.16594343087966565,5.856055780643004,-0.015108968051124569,-0.012442734184870538,624.777431293766,347.939443349239,562.6384423154943,484.4632363259881
17.491,0.1472647154114199,5.84946249945155,-0.018678715468245764,-0.006593281191453991,622.009950978538,348.37642015469424,558.9721793937387,484.48754884600544
17.507,0.1251413114828694,5.848741875203517,-0.02212340392855051,-7.206242480328005E-4,618.7222411595409,348.82700590270565,555.5864009712035,484.89267270999665
17.523,0.09969230377308233,5.853905470618328,-0.02544900770978706,0.005163595414811652,614.929087934741,349.25522548117624,552.4966743621649,485.6450848384716
17.539,0.07104070674220975,5.864935554477498,-0.028651597030872576,0.011030083859168933,610.647145098792,349.62165050969486,549.7228904189722,486.69183396221837
17.554,0.03933055495177512,5.881758896366469,-0.031710151790434626,0.016823341888970667,605.8980623568395,349.88399801324636,547.2882987978406,487.9596860092084
17.569,0.004753306801532499,5.9042091867098465,-0.03457724815024262,0.022450290343377463,600.7129933353364,349.9983054587743,545.2175781686026,489.35489445072636
17.584,-0.032414989655785174,5.931976158942384,-0.03716829645731767,0.02776697223253772,595.1386029932108,349.9212020334095,543.5335933871918,490.7648138287716
17.599,-0.07176742021215265,5.964543758100177,-0.03935243055636749,0.032567599157792976,589.2441256534029,349.6138735780884,542.252608497944,492.0631533777006
17.615,-0.1127195911146511,6.001129548053209,-0.04095217090249844,0.03658578995303151,583.1278431438288,349.048080574762,541.3782288886216,493.12087366749483
17.631,-0.15448216691507796,6.0406523250509885,-0.04176257580042686,0.03952277699777974,576.919731966526,348.21370121383177,540.8953955198468,493.82361565504164
17.647,-0.19607946067020854,6.081764914108779,-0.04159729375513059,0.041112589057790194,570.776186364024,347.12569019912786,540.7670049099576,494.09320031091045
17.662,-0.23643110887664306,6.122974858339672,-0.04035164820643453,0.041209944230893476,564.8648219243619,345.82701828396955,540.9359273361772,493.9060782613598
17.678,-0.2744804545887419,6.162828704404254,-0.038049345712098795,0.03985384606458217,559.3429684898223,344.3849223041673,541.333032792117,493.2998047577505
17.693,-0.30931901515337545,6.200088015352034,-0.03483856056463359,0.03725931094777997,554.3384938455681,342.8811634040988,541.8882401217248,492.3635743500423
17.708,-0.3402575476489356,6.233827777320169,-0.03093853249556019,0.0337397619681347,549.9405172011707,341.40031181688994,542.5398934342124,491.2176364754885
17.723,-0.3668310228087322,6.26344025472006,-0.0265734751597966,0.02961247739989108,546.2011354391741,340.0202920007165,543.2395700151507,489.99105291843415
17.739,-0.3887594573961209,6.288576106894983,-0.021928434587388714,0.02513585217492198,543.1438899331026,338.80699819555514,543.9525059739045,488.8048186467156
17.755,-0.4058945897502564,6.309065593117891,-0.017135132354135496,0.020489486222908602,540.7738766729605,337.8124316440658,544.6554862198184,487.76220025784437
17.771,-0.4181719463132496,6.324847740658666,-0.012277356562993242,0.01578214754077523,539.086410440574,337.074923333868,545.3339677213994,486.94476028588053
17.786,-0.42557540272678585,6.33591769480855,-0.007403456413536253,0.011069954149883635,538.0732608557466,336.62019974718083,545.9794536797772,486.4116952168144
17.802,-0.4281141266523663,6.342292245990296,-0.002538723925580481,0.0063745511817469794,537.7266198210023,336.46254475526246,546.5874990996329,486.20059876428695
17.818,-0.42580937515761413,6.343990087402394,0.0023047514947521766,0.0016978414120975152,538.0412971908339,336.6057068581157,547.1563950449116,486.3285006842749
17.834,-0.4186887091205197,6.341023440059035,0.007120666037094411,-0.0029666473433583107,539.0155833548364,337.04342715522364,547.6864670209568,486.79260336814514
17.851,-0.40678617616078167,6.3333990270576095,0.01190253295973803,-0.007624413001426089,540.651028538185,337.7595716689939,548.1799216749027,487.57050507552424
17.865,-0.39014818481697155,6.3211279761350925,0.016637991343810093,-0.012271050922516957,542.9511797357728,338.7279067327836,548.6412145769838,488.619946226233
17.88,-0.36884588994916967,6.304245719457369,0.021302294867801906,-0.016882256677723056,545.9191225480239,339.9116102902984,549.0779508659805,489.87834594743566
17.896,-0.34299574019044504,6.282844070704609,0.025850149758724607,-0.0214016487527602,549.5535240711491,341.26270939763214,549.5023386008959,491.2627006644573
17.911,-0.3127899445674236,6.25711774401814,0.030205795623021447,-0.025726326686469424,553.8428394583892,342.72181518862476,549.933147803488,492.67085423577436
17.927,-0.2785369836773963,6.22742520475478,0.0342529608900273,-0.029692539263359685,558.7576029728333,344.2188083692746,550.3979211528258,493.9856796054336
17.943,-0.24070737799303782,6.194356729515738,0.03782960568435849,-0.03306847523904165,564.2415494991307,345.6754379357649,550.9347785210392,495.08403824423647
17.959,-0.19997091748079598,6.15878975762778,0.04073646051224182,-0.035566971887957946,570.2038758141034,347.0108532847103,551.5926293658794,495.85178013496704
17.974,-0.15720185557216915,6.12189785794171,0.042769061908626824,-0.03689189968606924,576.516722700369,348.1503820017641,552.4283608144083,496.20358467448915
17.99,-0.11342902670053955,6.085080266848842,0.0437728288716296,-0.036817591092868376,583.022107386199,349.0360733594194,553.5003391006425,496.1022666102611
18.004,-0.06973001552401485,6.049810358117954,0.043699011176524694,-0.03526990873088795,589.5489717738586,349.63547710692274,554.8596277608098,495.56919292319446
18.02,-0.027104297340902465,6.0174522558893795,0.042625718183112386,-0.0323581022285748,595.934853180093,349.9449051529681,556.5423541772767,494.67994245324695
18.037,0.013622879950111182,5.989119147097447,0.04072717729101365,-0.028333108791932418,602.0433687887783,349.9860815008948,558.5664352714789,493.5470659358461
18.051,0.05183561528747602,5.965617050012094,0.038212735337364835,-0.023502097085353016,607.7718607928256,349.7985252925306,560.9332603339467,492.29815865014143
18.067,0.08710840350740323,5.947465518815348,0.03527278821992722,-0.01815153119674603,613.0497426044811,349.4312692108208,563.6324135744406,491.0572823282447
18.082,0.11915993829156793,5.934958411705794,0.0320515347841647,-0.012507107109554477,617.8317216941344,348.93632767536246,566.6469721989474,489.93321210588795
18.097,0.1478036344209307,5.928231381386659,0.02864369612936278,-0.00672703031913443,622.0899106518362,348.3645370275319,569.9578361195801,489.01391244371814
18.114,0.1729072132948125,5.927318719450153,0.025103578873881822,-9.126619365064691E-4,625.8070402820383,347.76331301064295,573.5466221480182,488.36505089626576
18.13,0.19436443012900734,5.932195022598508,0.02145721683419483,0.0048763031483551045,628.9714457291585,347.17559353494187,577.397262906686,488.0304964179945
18.145,0.2120776151900326,5.942803272333433,0.01771318506102525,0.010608249734924524,631.5737130543273,346.63935571313385,581.496628114927,488.0334346696874
18.162,0.2259486068960304,5.9590724389696845,0.013870991705997822,0.01626916663625204,633.604643703533,346.1873042420531,585.8344483185062,488.3773476096404
18.177,0.2358760685799869,5.98092713213915,0.009927461683956466,0.021854693169465107,635.0542327962629,345.84649726018586,590.4027175419651,489.0465048911047
18.193,0.2417580940275492,6.0082905300417035,0.005882025447562305,0.027363397902553606,635.9114942524415,345.63778555222837,595.1946443045663,490.0058503391549
18.208,0.24350003951463456,6.041080362409919,0.0017419454870853807,0.03278983236821536,636.1651327229935,345.57500875881226,600.2031260577396,491.2003296223497
18.224,0.24102857757891125,6.0791962293888835,-0.002471461935723322,0.03811586697896455,635.8052395458168,345.66394482186274,605.4186443117063,492.55388603663187
18.239,0.23431396326197654,6.122495123445159,-0.0067146143169347,0.043298894056275045,634.826362530748,345.9010776960777,610.8264320066348,493.9686411083178
18.255,0.22340307554464223,6.1707511699675965,-0.010910887717334304,0.0482560465224376,633.2324108648396,346.272372196907,616.4028010517798,495.32526292211287
18.27,0.20846492895223157,6.22359670736675,-0.014938146592410674,0.052845537399153306,631.0437461824235,346.7524644527691,622.1107449532813,496.48623315255224
18.287,0.18984605203362095,6.2804476539858305,-0.018618876918610614,0.056850946619081036,628.3061572776226,347.30499468848467,627.8955098115093,497.30443258296003
18.302,0.16812314713745208,6.3404298450701475,-0.021722904896168863,0.059982191084317196,625.0998381874705,347.88508418012543,633.6818299706064,497.63938100340255
18.317,0.1441260663391789,6.402343039846947,-0.023997080798273184,0.06191319477679955,621.544141818467,348.4447707172799,639.3755350149885,497.3811377223571
18.333,0.1188969059490887,6.464709800589027,-0.025229160390090218,0.06236676074207962,617.7925460065846,348.94101284268066,644.8719302112246,496.4764558762023
18.348,0.09357093068303002,6.525929821152258,-0.025325975266058683,0.06122002056323109,614.0151670152192,349.34381504948743,650.0703037894183,494.9461059387238
18.364,0.06921370167511608,6.584494077378586,-0.024357229007913938,0.058564256226327494,610.3737679674397,349.6408531723798,654.8893083378663,492.8831886236315
18.379,0.04668475824928245,6.639164138862714,-0.022528943425833628,0.054670061484129014,607.0001703177281,349.8365696868518,659.2763698174649,490.4324407708339
18.395,0.026579111353818907,6.689048013527441,-0.02010564689546354,0.049883874664727205,603.9863972998811,349.94701943208975,663.2081266676041,487.7613393364312
18.411,0.009244616383060868,6.733575934009153,-0.01733449497075804,0.04452792048171182,601.386672705743,349.9935903257441,666.6842586627713,485.035158993264
18.426,-0.005160345023161874,6.772424371156962,-0.014404961406222742,0.0388484371478095,599.2259516819125,349.9980028173751,669.7191046511336,482.40161071556645
18.442,-0.016602855462638712,6.8054336096443615,-0.01144251043947684,0.033009238487399825,597.5096860954512,349.979326364192,672.3341861510091,479.98430392826765
18.457,-0.025122548712584517,6.832541477076329,-0.008519693249945805,0.027107867431967324,596.2320140782793,349.9526668055414,674.5527500311931,477.88179687291097
18.473,-0.030793824121200186,6.853737802823707,-0.00567127540861567,0.021196325747378328,595.3816563606953,349.92888614949857,676.3962233062156,476.1692914983004
18.488,-0.03370108533002175,6.869036148508798,-0.0029072612088215637,0.015298345685090954,594.9457940574298,349.9148258255003,677.8820749174605,474.9011183423444
18.503,-0.03392349865858688,6.878457690722779,-2.2241332856512853E-4,0.009421542213981053,594.9124511273016,349.91369799477263,679.0225972861269,474.1130672087144
18.518,-0.0315263017781558,6.882023017662843,0.002397196880431077,0.003565326940064407,595.2718380502037,349.92546309608815,679.824260043032,473.8241633925266
18.534,-0.0265566835407314,6.879749036528732,0.004969618237424403,-0.002273981134110375,596.016965684846,349.94710880055106,680.2874260036962,474.03775920439534
18.548,-0.01904317623890971,6.871649494878936,0.007513507301821691,-0.008099541649796836,597.1436962076883,349.97280262983026,680.406325960001,474.7419273631924
18.564,-0.008998265222690306,6.857738699071918,0.010044911016219404,-0.013910795807017533,598.650278430986,349.9939273826982,680.1692703870306,475.9091923447763
18.58,0.0035754144488553737,6.838038956580606,0.01257367967154568,-0.01969974249131242,600.5363110246634,349.99904123188526,679.5591476929741,477.4956736771914
18.595,0.01867428773068555,6.812593179704641,0.015098873281830176,-0.025445776875964714,602.8009803557891,349.9738460833971,678.5543344816244,479.43978499663325
18.611,0.03627683515857811,6.7814849778208925,0.017602547427892558,-0.03110820188374867,605.4403318364886,349.90131016608524,677.130231870042,481.6607812988243
18.626,0.05631833291537697,6.744869206835839,0.020041497756798858,-0.036615770985054155,608.4432849471393,349.76218127184654,675.2617358471991,484.0577307860292
18.641,0.07865560398977933,6.703015609823374,0.022337271074402372,-0.04185359701246458,611.7861788875495,349.53623636841564,672.9270036490461,486.50995482376004
18.656,0.10302221195698444,6.65636532523985,0.0243666079672051,-0.04665028458352359,615.4260104441294,349.2046855892187,670.1127728960195,488.8805890677018
18.671,0.12898015294903611,6.6055924472497685,0.025957940992051686,-0.05077287799008183,619.2934250859579,348.7540377551229,666.8210135365578,491.02535719818707
18.687,0.15588376185163358,6.551649676858967,0.026903608902597454,-0.053942770390801344,623.2879808683839,348.1812064570733,663.075649912716,492.80811056560594
18.703,0.18288099034942684,6.495764224394892,0.026997228497793263,-0.05588545246407534,627.2794906061117,347.4985742041972,658.9267102960682,494.122083526187
18.718,0.208974466034333,6.439353940972966,0.026093475684906164,-0.05641028342192689,631.1185179718029,346.73662746307946,654.4487105626962,494.91119381531087
18.734,0.23313883408315153,6.383869115919985,0.02416436804881852,-0.05548482505298031,634.654885910229,345.94190242198783,649.7319537799264,495.18225227568036
18.749,0.2544536701606708,6.330615887630368,0.021314836077519272,-0.05325322828961713,637.7575061524774,345.17014406945265,644.8694259531893,495.0014512010006
18.764,0.27219816155946536,6.280634066434872,0.017744491398794575,-0.04998182119549632,640.3273972061719,344.4773374428517,639.9447115096043,494.4768492809162
18.78,0.2858806255250157,6.23466435256189,0.013682463965550362,-0.04596971387298113,642.3003667070691,343.9120529227746,635.0250789797751,493.7355163338341
18.796,0.29521444376069544,6.193187188500001,0.009333818235679747,-0.041477164061888734,643.6417535530067,343.51096594622527,630.1602522292602,492.90390126131246
18.812,0.3000693450328034,6.156492633787273,0.0048549012721079525,-0.03669455471272767,644.3379680686386,343.2973990955327,625.3848649832831,492.09518094538385
18.827,0.30042152638162073,6.1247490700467315,3.5218134881729625E-4,-0.03174356374054177,644.388431989234,343.2817752037472,620.7222985269993,491.4030570201955
18.842,0.2963136604498746,6.09805608495597,-0.004107865931746141,-0.026692985090761217,643.7994768044193,343.46290751152065,616.1884444244399,490.8997783780435
18.857,0.28782691561885293,6.076479192461797,-0.008486744831021669,-0.02157689249417293,642.5803810153975,343.829451617475,611.7947930390956,490.63628924077295
18.872,0.27506330242572985,6.060069191441965,-0.012763613193123104,-0.016410001019832185,640.7411790392392,344.361200918019,607.5507438337986,490.6431034585364
18.888,0.2581360085899605,6.048869765259981,-0.016927293835769328,-0.011199426181983618,638.2918145563277,345.03012424315096,603.4652216977737,490.931146960144
18.903,0.2371660471012494,6.042915960528303,-0.020969961488711105,-0.0059538047316788295,635.2423424270522,345.8011567178203,599.5477057621948,491.49224399965715
18.919,0.21228454447753722,6.042224783633694,-0.02488150262371217,-6.911768946086137E-4,631.6040563555197,346.6328190477055,595.8087299115191,492.29920022321016
18.934,0.1836409502365556,6.046777836657903,-0.028643594240981615,0.004553053024208546,627.3915757176411,347.4778002945011,592.2598447626398,493.30564907553946
18.949,0.15141815732255443,6.056494941575216,-0.03222279291400117,0.009717104917313413,622.6260322013023,348.28372353979256,588.9129620464802,494.4460610304609
18.965,0.11585568861247394,6.07119748680447,-0.03556246871008047,0.014702545229254198,617.339502432844,348.9944349812482,585.7789569595959,495.6366252589137
18.98,0.07728111174786706,6.090561635650898,-0.03857457686460688,0.019364148846427925,611.5806314221006,349.5522951206883,582.8654266389683,496.7780979348105
18.995,0.03614673471153149,6.11406590101586,-0.041134377036335566,0.02350426536496215,605.4208295630361,349.902016687063,580.1736720061676,497.76202154063606
19.011,-0.006937282605770936,6.140945857350883,-0.04308401731730243,0.026879956335022902,598.9594159556867,349.9963905727292,577.6953706676685,498.48154261827585
19.026,-0.05118953897405705,6.170178831126262,-0.044252256368286114,0.02923297377537854,592.3249221014621,349.80351524330587,575.4100062907368,498.84674931689966
19.042,-0.09568252424139861,6.200524824718182,-0.04449298526734156,0.030345993591920525,585.6695110268846,349.31388778607106,573.2845538059097,498.8017228584763
19.057,-0.13941444594415425,6.230634483775384,-0.043731921702755645,0.030109659057201994,579.1555101357294,348.54463047279194,571.2765142186163,498.33755895520767
19.072,-0.1814114971655865,6.2592000746885885,-0.04199705122143224,0.02856559091320386,572.9372869190995,347.53850196033864,569.3398469979634,497.4953571754765
19.088,-0.2208233984038909,6.2850958541784685,-0.039411901238304396,0.025895779489880026,567.1450347878975,346.3576142908579,567.4316166633834,496.3573405267035
19.103,-0.2569785750391823,6.307459503757535,-0.0361551766352914,0.022363649579066603,561.8760737867234,345.0743473191751,565.5168457028122,495.0301567426683
19.119,-0.28939049610172224,6.32570233912578,-0.03241192106253994,0.018242835368244663,557.1947822027306,343.76269797596433,563.5704157194758,493.6271410478957
19.135,-0.3177299404707755,6.339469288954248,-0.028339444369053304,0.013766949828468471,553.138360341999,342.4920584754241,561.5765007823951,492.2545296953801
19.151,-0.34178439605953015,6.348579024668303,-0.024054455588754645,0.009109735714054577,549.7246787946765,341.3237137839985,559.5267467712105,491.0031026903654
19.167,-0.3614196941249903,6.352966113189716,-0.019635298065460136,0.004387088521412891,546.9596152438355,340.3093638533011,557.4182435151157,489.94430995441473
19.183,-0.37655047724042096,6.352635038209165,-0.01513078311543063,-3.3107498055070204E-4,544.8427771286937,339.49079096888454,555.2518644408203,489.12919145929516
19.198,-0.38712050884021343,6.347627963922418,-0.01057003159979246,-0.005007074286747283,543.3714637225665,338.8999959649942,553.0311730962378,488.5886395383001
19.213,-0.3930915431263108,6.3380047934661015,-0.005971034286097379,-0.009623170456315916,542.5431015053347,338.5593909317363,550.7619065118987,488.33405916459895
19.228,-0.3944391952671471,6.323833599036063,-0.0013476521408362953,-0.014171194430038829,542.3564238776678,338.4818332194837,548.4519887321668,488.35792900898775
19.244,-0.39115485194382027,6.305190277982928,0.003284343323326857,-0.01864332105313551,542.8115558421026,338.67040727855044,546.1120350885722,488.6340923384463
19.259,-0.38325351618246367,6.282167434449806,0.007901335761356622,-0.023022843533121767,543.9090110490879,339.11793902480247,543.7563301659854,489.1178613199421
19.274,-0.37078825737987076,6.254893531474462,0.012465258802592919,-0.027273902975344638,545.6474649817993,339.8063014927985,541.4042647391855,489.7462736539974
19.29,-0.3538723086761423,6.223563841316707,0.016915948703728492,-0.031329690157754005,548.0200847045356,340.7056800768055,539.0821623226836,490.4391551032537
19.305,-0.3327092354298664,6.188483820490778,0.021163073246275865,-0.035080020825929585,551.0092668803242,341.7741445694408,536.8252673108327,491.1020192486602
19.321,-0.30762904216946535,6.150121910465611,0.02508019326040105,-0.0383619100251671,554.5800242415065,342.95812604429966,534.6793626844762,491.63214418328903
19.336,-0.2791227165027795,6.109161164232045,0.02850632566668585,-0.04096074623356593,558.6731363623452,344.19462660541376,532.7010709862861,491.92902280379985
19.351,-0.2478603819410381,6.06652868307542,0.03126233456174138,-0.042632481156624914,563.2004561972892,345.4159330194335,530.9556135799853,491.9091756096134
19.366,-0.21467407481613202,6.023375778526369,0.033186307124906084,-0.0431529045490505,568.0456506354224,346.55688164220237,529.5111789910334,491.5227207046787
19.382,-0.1804939663474011,5.980992420133853,0.034180108468730916,-0.04238335839251652,573.072669414068,347.5632707265461,528.4305034962673,490.76619326015765
19.397,-0.14624954002823112,5.94067114355403,0.03424442631916999,-0.04032127657982226,578.1406884262947,348.3986876543174,527.7622471548249,489.685674511059
19.413,-0.11277035400894839,5.9035681388990415,0.03347918601928274,-0.037103004654988725,583.1202770536114,349.0472239032085,527.5355390594078,488.3682090494374
19.429,-0.08072233687054993,5.870611642589452,0.03204801713839846,-0.03295649630958924,587.9047950475378,349.51155813902125,527.7595400542652,486.9253431163452
19.445,-0.050593027907639164,5.842476908648596,0.030129308962910765,-0.028134733940856055,592.4142829162877,349.80806685998544,528.4272404831991,485.475522060804
19.46,-0.022714431960451874,5.819612871884612,0.02787859594718729,-0.0228640367639842,596.5931281835522,349.96130575727295,529.5211746590737,484.13042683366
19.475,0.0026972282471957286,5.8022925228950015,0.025411660207647603,-0.017320348989610747,600.4045837465185,349.9994543723145,531.0189507669985,482.9867993944306
19.492,0.025501184426944497,5.79066491152253,0.022803956179748768,-0.011627611372471456,603.8247630853814,349.9512293625521,532.8975302471064,482.122813456506
19.507,0.045599218500658976,5.78479802262046,0.02009803407371448,-0.005866888902070169,606.837512672993,349.84408036504703,535.1360689511312,481.59726995907806
19.523,0.06291208130828423,5.784710057599473,0.017312862807625253,-8.796502098683268E-5,609.430588387731,349.70325314655383,537.7175552712038,481.4501350118484
19.539,0.07736426909630588,5.79039051694769,0.014452187788021653,0.005680459348216737,611.5930677543606,349.55133158899923,540.6295704210576,481.70344865954144
19.555,0.08887546208933295,5.801813422040382,0.011511192993027072,0.011422905092691827,613.3137758998515,349.4079762639483,543.8644365354221,482.3620633084777
19.57,0.09735719233673054,5.818944600557583,0.008481730247397592,0.017131178517201057,614.5805199652838,349.28967960827686,547.4189200476071,483.4139484655494
19.585,0.10271392071395768,5.841744067800054,0.0053567283772271435,0.022799467242470495,615.3800112138014,349.20943420261113,551.2935633189255,484.8299606586656
19.601,0.10484841382880566,5.870163508250346,0.002134493114847985,0.02841944045029198,615.6984624458164,349.1762657959948,555.4916336582069,486.5630838221049
19.617,0.10367206190681008,5.904137775151255,-0.0011763519219955766,0.03397426690090899,615.5229678375086,349.1946294928731,560.0176011410658,488.5472551154046
19.632,0.09912154295469047,5.943568210093959,-0.004550518952119609,0.03943043494270482,614.8438964730126,349.2637221078802,564.8749838439694,490.69606554696435
19.648,0.09118386749518154,5.988294634821976,-0.007937675459508929,0.044726424728017265,613.6586343008483,349.3768446213659,570.0633477812695,492.9019329971471
19.664,0.07993183403442267,6.038052755819832,-0.011252033460758867,0.049758120997856016,611.9770118749141,349.5210727173537,575.5742745230748,495.0368475092745
19.679,0.06557014695193615,6.092416012685877,-0.014361687082486512,0.05436325686604552,609.8284756780805,349.67765720322245,581.3863322578516,496.9564556694753
19.695,0.048487073635948855,6.150728123493127,-0.017083073315987293,0.058312110807249164,607.2702115570901,349.8237098189574,587.4596817778776,498.5097646790785
19.71,0.02929634864238691,6.212046462415741,-0.019190724993561944,0.06131833892261464,604.3938237144782,349.93563390057113,593.7319950942067,499.5562388000032
19.726,0.008842552506647554,6.27513229295334,-0.020453796135739357,0.06308583053759832,601.3263655909227,349.99413573309863,600.1184265131017,499.9892719315243
19.742,-0.011857056344450796,6.338524655358941,-0.02069960885109835,0.06339236240560084,598.2214832225645,349.98945588964705,606.518149257556,499.75983124039465
19.757,-0.031735830032768426,6.400700524137184,-0.01987877368831763,0.0621758687782427,595.2404245336171,349.924469121554,612.8271634642972,498.8899235523854
19.772,-0.04982520482572747,6.460266494260293,-0.01808937479295904,0.05956597012310874,592.5293112326653,349.81384718824097,618.9528851133175,497.4681554334585
19.788,-0.06536533099379603,6.516100565517697,-0.01554012616806856,0.055834071257404215,590.2021809006276,349.6796670924143,624.8244368754303,495.62931385874003
19.803,-0.0778441264638582,6.567398747703772,-0.01247879547006217,0.05129818218607418,588.3351702748311,349.5457513521625,630.3955502899312,493.52812677702263
19.819,-0.08697433513359645,6.61364092568598,-0.009130208669738245,0.046242177982207894,586.970291519998,349.4330174256217,635.6413958918591,491.31720822651187
19.834,-0.09264047788913451,6.654519527967304,-0.005666142755538067,0.04087860228132454,586.1237964014562,349.35679085228014,640.5526524400723,489.1333970148552
19.85,-0.09484286143385257,6.689867129137761,-0.0022023835447180476,0.035347601170457384,585.7948893821147,349.32586792760867,645.1294847305537,487.09163216109664
19.864,-0.09365182740617219,6.719599785111314,0.0011910340276803755,0.02973265597355302,585.9727516053946,349.342680779729,649.3766606603119,485.2836397161576
19.879,-0.08917501340343267,6.743678888309238,0.004476814002739507,0.02407910319792391,586.64146934252,349.4039814016787,653.3000184635723,483.7789709982411
19.894,-0.08153579258920542,6.762088342356866,0.007639220814227257,0.018409454047628164,587.7831780307375,349.50166975981017,656.9040623814839,482.6268114369958
19.91,-0.07086009211945311,6.77482277174492,0.010675700469752308,0.0127344293880536,589.3798789326878,349.62357109932793,660.190385738812,481.85772752594806
19.925,-0.05726931579448883,6.781883349035957,0.013590776324964284,0.0070605772910369985,591.4142976219196,349.7540841335388,663.1566811461162,481.4849856193598
19.941,-0.04087798618937147,6.783279130066648,0.016391329605117366,0.001395781030691318,593.8700096167639,349.8746917191206,665.7961906902958,481.50532826007753
19.956,-0.02179556617078359,6.779033006276024,0.019082420018587877,-0.004246123790624067,596.7309239160314,349.96437290755836,668.0975382936995,481.89922937949007
19.972,-1.3262682014843555E-4,6.769192405114837,0.021662939350635155,-0.009840601161187283,599.980105977036,349.9999986807595,670.0449675551849,482.63074614165123
19.987,0.023987921019990217,6.75384567604112,0.024120547840138652,-0.015346729073716724,603.597843084476,349.9568455427743,671.6190856628986,483.64719881513054
20.002,0.05041351163824621,6.733145568117221,0.02642559061825599,-0.020700107923898894,607.5588239763401,349.80942620574547,672.7982866029754,484.8790842203708
20.017,0.07893772932943424,6.707340950879676,0.028524217691188028,-0.025804617237545697,611.8283663794073,349.5329052375915,673.561075413665,486.24088830841174
20.033,0.1092697436166514,6.676816183809561,0.03033201428721715,-0.03052476707011493,616.3578643268114,349.1053998843289,673.8894841830814,487.63378223507186
20.049,0.1410010171924912,6.64213327983522,0.03173127357583979,-0.03468290397434042,621.0801401702429,348.5113722595105,673.7735575899817,488.9514084337766
20.064,0.17357814182581055,6.604064893198713,0.03257712463331934,-0.03806838663650689,625.9061730886781,347.7459650748522,673.2163790424984,490.0897194605193
20.08,0.20629613973747327,6.5635987212609805,0.032717997911662716,-0.040466171937732685,630.7253982604102,346.8194466061604,672.2383390785886,490.96061263664046
20.096,0.23832701969625428,6.521893493747132,0.03203087995878102,-0.04170522751384866,635.4115897854733,345.7601430736995,670.8787359348529,491.5067778342268
20.111,0.26878757454743685,6.480181882551631,0.030460554851182545,-0.04171161119550103,639.8344110848406,344.6140369864694,669.1931435453359,491.7128637265663
20.126,0.2968300244994434,6.439643868729476,0.028042449952006557,-0.04053801382215506,643.8735500498458,343.4402719114255,667.2467015791857,491.6080679657183
20.141,0.3217239640167845,6.401294613170822,0.02489393951734108,-0.03834925555865406,647.430381008368,342.30375594973253,665.1056155731632,491.25873600437683
20.157,0.34290299960294235,6.365923264872831,0.021179035586157836,-0.03537134829799092,650.4333749252675,341.2673872259532,662.8299137137404,490.7542623222836
20.173,0.3599702292328797,6.334089778268972,0.017067229629937355,-0.031833486603859526,652.8369556128896,340.38609661060286,660.4693290289464,490.1917936853065
20.188,0.3726749580574197,6.306161473955035,0.012704728824539987,-0.027928304313937308,654.6162107677784,339.7035057590525,658.062332561703,489.6639146828129
20.204,0.38087803865633213,6.282364500442169,0.008203080598912423,-0.02379697351286541,655.760359466416,339.25078926949055,655.6372384696283,489.25073874021587
20.22,0.384518449788243,6.262832373094497,0.0036404111319109046,-0.01953212734767141,656.2669189858384,339.046876368515,653.2141896446748,489.0158092965371
20.236,0.3835869442150528,6.2476434340704605,-9.315055731902132E-4,-0.015188939024036728,656.1373716528226,339.0992289838907,650.8072130499006,489.0044971010176
20.251,0.37810799698495967,6.2368455766217075,-0.005478947230093109,-0.01079785744875298,655.3744155425305,339.4047133468706,648.425943406168,489.2436893676984
20.267,0.36812930848533026,6.230469365063151,-0.009978688499629422,-0.0063762115585566685,653.9806055090793,339.95032771977765,646.076876084033,489.74195319054843
20.282,0.3537178085107752,6.228531131509233,-0.014411499974555049,-0.0019382335539178388,651.9581756243228,340.71370930293904,643.7641300726372,490.48973414502416
20.298,0.33496155556469637,6.2310270328811885,-0.018756252946078845,0.002495901371955588,649.3099293464861,341.66344224197206,641.4897351150505,491.4594520759547
20.313,0.3119775696644836,6.237918191575974,-0.02298398590021277,0.006891158694785327,646.0412017028253,342.75926500847413,639.2534530591748,492.60560786792007
20.329,0.2849261215389222,6.249106417221204,-0.027051448125561352,0.01118822564522979,642.1629828303033,343.9523632277412,637.0521387347331,493.8652688517427
20.344,0.2540319480255598,6.264400145980997,-0.03089417351336243,0.015293728759793943,637.6962813336029,345.18605433586885,634.878672874654,495.1595889430523
20.359,0.21961170996649548,6.283471929336318,-0.034420238059064294,0.019071783355320178,632.677601307892,346.39731682227807,632.720594630813,496.3973106608586
20.374,0.18210407900847908,6.305813002539391,-0.03750763095801639,0.022341073203073186,627.1648890697365,347.51972343327145,630.5587537394953,497.4813241269269
20.39,0.14209399046833684,6.3306973452951985,-0.04001008854014224,0.024884342755807483,621.2424465078971,348.48824352910617,628.3665711933978,498.31897084318365
20.405,0.10031766344345541,6.357174586327144,-0.04177632702488144,0.02647724103194561,615.0224232080714,349.2458602473033,626.1106916540095,498.8354665134835
20.421,0.05763489531735285,6.384111086989397,-0.04268276812610256,0.02693650066225284,608.6404488297528,349.75093536943405,623.75362810477,498.98763263991503
20.436,0.014965300781184028,6.410283886036916,-0.04266959453616882,0.026172799047518482,602.2447113273117,349.9832032964259,621.2582106824943,498.7732797204619
20.452,-0.02679634953685036,6.4345056658179995,-0.04176165031803439,0.0242217797810837,595.9810285763865,349.94614989620834,618.592558716466,498.232085523038
20.467,-0.06685703451650696,6.455739432239646,-0.04006068497965659,0.021233766421646344,589.9789141977037,349.6648851245442,615.7337793847754,497.437301086373
20.482,-0.10457031807958227,6.473167528590121,-0.03771328356307531,0.017428096350474716,584.3430234460897,349.18062570317335,612.6692388905655,496.4817645941987
20.497,-0.13944323254664384,6.486205733627822,-0.03487291446706158,0.01303820503770026,579.1512340491372,348.5440303692011,609.3955299110971,495.46333668329396
20.512,-0.1711159165689991,6.494476970278044,-0.03167268402235528,0.008271236650222835,574.4576889192816,347.8093039854251,605.9161407252772,494.47342983073827
20.528,-0.199329804811349,6.49776675628288,-0.028213888242349876,0.003289786004835778,570.2981324517164,347.0299257435173,602.2389067436034,493.5897665514096
20.544,-0.223896336678647,6.4959774425031025,-0.024566531867298014,-0.0017893137797777552,566.6954427047343,346.25596214639035,598.3739244623583,492.8727203752227
20.558,-0.2446720939585524,6.489089907440018,-0.020775757279905414,-0.006887535063084621,563.6642703203603,345.532521274965,594.3321806177453,492.3639868332422
20.574,-0.26154190752688533,6.477135269613785,-0.016869813568332913,-0.011954637826232815,561.2144505478225,344.8988652601969,590.1248942613353,492.0864538819547
20.589,-0.2744094219031712,6.4601762867830885,-0.012867514376285867,-0.01695898283069628,559.3532246411713,344.387809918043,585.7634788916869,492.04450116643557
20.604,-0.28319414382944025,6.438297439553166,-0.008784721926269041,-0.021878847229922668,558.086402568504,344.0251726273935,581.2600355282668,492.22430466077014
20.62,-0.2878343354190158,6.41160314576767,-0.004640191589575557,-0.026694293785495846,557.4185517999861,343.82913567559785,576.6283273084069,492.5939988823244
20.636,-0.2882957368283304,6.380224411905392,-4.6140140931457893E-4,-0.031378733862278844,557.3521933690486,343.8094732261021,571.8852253999843,493.10378316451806
20.651,-0.28458669873240205,6.344335053353202,0.003709038095928317,-0.03588935855219012,557.8858803126435,343.96666601320953,567.0526268892716,493.6863065324142
20.667,-0.27678052874395553,6.304178932989873,0.007806169988446533,-0.040156120363328475,559.0109802991801,344.2910262766393,562.1597928615828,494.2579725663029
20.682,-0.26504513552383957,6.260108681518105,0.011735393220115969,-0.04407025147176851,560.7070758242538,344.76210177294007,557.2458891921141,494.7221637464452
20.697,-0.24967751733676366,6.212632849400864,0.015367618187075908,-0.04747583211724168,562.936276659398,345.3488232223822,552.3621854425509,494.97565435549745
20.712,-0.2311355646343569,6.162461354891057,0.01854195270240677,-0.05017149450980642,565.6375443851854,346.01103261096364,547.5729060943148,494.91928907587567
20.728,-0.21005298817063245,6.110529696853293,0.02108257646372444,-0.05193165803776476,568.7232414566374,346.70298011635685,542.9533796792437,494.4727815778666
20.743,-0.1872197889059302,6.0579773489145,0.02283319926470225,-0.052552347938792876,572.0808015711175,347.3788260201875,538.5844405015215,493.5909793970366
20.758,-0.16351846324224972,6.00606602861553,0.023701325663680457,-0.05191132029897019,575.5813895684627,347.999092783006,534.5434936611588,492.2762257580596
20.774,-0.13982735314775951,5.956052442935423,0.023691110094490212,-0.05001358568010676,579.0941767664062,348.53601097015405,530.8947865079401,490.58114034357567
20.79,-0.11692383567055066,5.909059384730539,0.022903517477208854,-0.04699305820488376,582.5013595216728,348.97582884954943,527.6825015044586,488.59994140067187
20.805,-0.09542127981714332,5.8659910360144165,0.02150255585340733,-0.04306834871612265,585.7085189361071,349.317626451134,524.9289732133852,486.4520379667691
20.82,-0.07575291858483246,5.827510278111971,0.019668361232310864,-0.03848075790244588,588.6479268064148,349.5698179253003,522.6376419153393,484.26444398216654
20.835,-0.058192540176422135,5.794064441182235,0.017560378408410328,-0.03344583692973606,591.2760446787762,349.7460937839558,520.7985420409418,482.1580329055246
20.851,-0.04289256157047158,5.76593349736481,0.015299978605950556,-0.028130943817425005,593.5680883961319,349.8620382655996,519.3940885452874,480.23925155890066
20.866,-0.029923707493142347,5.743279835175475,0.012968854077329235,-0.02265366218933535,595.5121137093795,349.93284789078893,518.4038769283565,478.5964395572805
20.881,-0.019308243910063937,5.726189239738586,0.01061546358307841,-0.017090595436888314,597.1039433669674,349.972040247435,517.8081371777927,477.2990802696111
20.896,-0.011044603416499882,5.714700585181433,0.008263640493564055,-0.011488654557153592,598.3433431687391,349.99085134815203,517.5899858168748,476.39850648185865
20.911,-0.0051241327791712666,5.708825536324379,0.005920470637328615,-0.005875048857054067,599.2313834466951,349.99803074905344,517.7367728627269,475.9290771425754
20.927,-0.0015415311061985951,5.708560580662082,0.0035826016729726714,-2.6495566229651525E-4,599.7687704256494,349.9998217761739,518.2407965587928,475.9092712911533
20.942,-3.004044611401497E-4,5.713893435005236,0.0012411266450584454,0.005332854343154016,599.9549393315067,349.999993231787,519.099578334665,476.3424271092077
20.957,-0.001414879751930965,5.724805155448869,-0.0011144752907908152,0.01091172044363279,599.787768108021,349.9998498586716,520.3158065724152,477.21701587679667
20.973,-0.004907670214459245,5.741268483895453,-0.0034927904625282804,0.016463328446584803,599.2638524228863,349.99819361160553,521.8969841085049,478.5064333755412
20.989,-0.010804444930845855,5.763242186293531,-0.005896774716386609,0.0219737023980779,598.3793647918893,349.9912448829005,523.8547483537897,480.1683609392724
21.004,-0.019123838696142138,5.790660387942132,-0.008319393765296283,0.027418201648600624,597.1315990422154,349.9725717454541,526.2037683158791,482.1438349930155
21.02,-0.02986198739645813,5.823415239737602,-0.010738148700315992,0.032754851795470524,595.5213675877895,349.9331245979897,528.9600580494514,484.356307392259
21.035,-0.042970255603278516,5.861330879058286,-0.013108268206820387,0.0379156393206847,593.5564450294388,349.86153809213806,532.1384937134909,486.71121933455765
21.051,-0.0583252615927504,5.904127155563312,-0.015355005989471884,0.04279627650502568,591.256170242014,349.74493460936617,535.7493236812383,489.096970779917
21.067,-0.07569218981563672,5.951374057839347,-0.017366928222886317,0.047246902276035035,588.6570100182938,349.5705070469272,539.7936078437482,491.3885874454738
21.082,-0.09468668051386911,6.002443545281904,-0.0189944906982324,0.05106948744255693,585.818211406699,349.32808467363037,544.2579443900701,493.4556122507955
21.098,-0.11474737084816422,6.056474694791212,-0.02006069033429511,0.054031149509308214,582.8256413620677,349.0135611458759,549.1096118968791,495.17521602533645
21.113,-0.13513731000201212,6.112376485213184,-0.020389939153847902,0.05590179042197157,579.7910444397124,348.6324261901229,554.2941260021586,496.4495671115625
21.128,-0.15499032399287827,6.1688897156905025,-0.019853013990866156,0.056513230477318745,576.8444191084037,348.2019536766393,559.7373834720128,497.22325863581364
21.144,-0.1734011797853348,6.224706259567478,-0.018410855792456545,0.05581654387697518,574.1199727442703,347.75054717070486,565.3531144123589,497.49413533055963
21.159,-0.18953276430254182,6.278609336764037,-0.016131584517207014,0.053903077196559214,571.7399929582986,347.31385543119484,571.0535997914276,497.3122849710419
21.175,-0.202701169378869,6.3295824232961175,-0.013168405076327184,0.05097308653208042,569.8026107057365,346.92895453181006,576.7596814240001,496.7675315639652
21.191,-0.21241375808689733,6.376854403658143,-0.00971258870802833,0.04727198036202583,568.3769969525664,346.6287341494225,582.4068243546446,495.9711726693151
21.206,-0.21836216539157075,6.4198851839036735,-0.005948407304673411,0.04303078024553071,567.5053541282969,346.4380346415254,587.9465330058232,495.03870155152606
21.222,-0.22038902970325427,6.458318229828926,-0.0020268643116835338,0.038433045925252776,567.2086110521207,346.37187165186106,593.3444653294498,494.0773797454803
21.238,-0.2184476914806605,6.4919262596035345,0.0019413382225937645,0.03360802977460833,567.4928299747597,346.43525496597505,598.5770820987948,493.17914502579805
21.253,-0.21256638648076967,6.520565307369994,0.005881304999890853,0.028639047766459695,568.3546176128002,346.6239058733872,603.6281538408716,492.4175190461422
21.269,-0.2028211000549021,6.54414219775523,0.009745286425867573,0.02357689038523614,569.784989634103,346.9253318818397,608.4857641616461,491.8468625491918
21.284,-0.18931715956865705,6.562594947292004,0.01350394048624503,0.01845274953677376,571.7717551794891,347.31994499847366,613.1399899582119,491.50270801573754
21.299,-0.172178257080506,6.575883818771848,0.01713890248815105,0.013288871479844429,574.3006795503235,347.78208595234014,617.5812315042848,491.40239726853406
21.314,-0.1515416316305816,6.58399088844643,0.020636625449924402,0.008107069674582544,577.3556587410656,348.28092867577044,621.7991155210714,491.5456457188852
21.329,-0.1275587003267132,6.586926808206028,0.023982931303868395,0.002935919759598132,580.9180411513298,348.78131215477856,625.7819194978763,491.9149295187866
21.345,-0.10040104508456735,6.584744329951478,0.02715765524214587,-0.0021824782545502895,584.9651324794082,349.2446071341884,629.5165182185316,492.4757979716727
21.36,-0.07027208183398952,6.5775587655410215,0.030128963250577834,-0.007185564410457187,589.4678609623578,349.6297899727583,632.9889084696417,493.1774072426689
21.375,-0.03742470557698727,6.565575532669253,0.03284737625700224,-0.011983232871768971,594.3876045057851,349.8949666160159,636.1854039280308,493.95378780881106
21.39,-0.00218433563812246,6.549123754111044,0.03524036993886481,-0.016451778558208802,599.6723499148358,349.9996421509788,639.0945760323078,494.72658535072617
21.405,0.035025389456461,6.5286918846850766,0.03720972509458346,-0.020431869425966802,605.2527342750092,349.9080010627723,641.709895783678,495.4101501009595
21.421,0.07366064984769688,6.504956344970751,0.03863526039123588,-0.023735539714325817,611.0391083204984,349.59324211838015,644.0327529995583,495.91965603873814
21.437,0.11304957355031227,6.478788734579987,0.03938892370261539,-0.0261676103907637,616.9213391853461,349.0425049446448,646.0751127894189,496.1820899809037
21.453,0.15240984771092098,6.451226017065747,0.039360274160608714,-0.02756271751423981,622.7730725948022,348.2612126100143,647.8607194571517,496.14836544929926
21.468,0.19089701858370772,6.4233970748212945,0.03848717087278674,-0.027828942244452887,628.4609542386934,347.2751645180646,649.4238753216973,495.80312801204025
21.484,0.22767501682022606,6.39641847088464,0.036777998236518346,-0.02697860393665421,633.8569727118386,346.12907102554857,650.805674348407,495.16846686716684
21.499,0.26198744262886126,6.371290494436586,0.03431242580863519,-0.025127976448054572,638.8501031312563,344.8815705557154,652.0487898889356,494.2997577615327
21.515,0.29320700577668973,6.348825822550547,0.031219563147828453,-0.022464671886038626,643.3535764484375,343.5982848404865,653.1925846822761,493.2752500588341
21.531,0.3208527582277389,6.329625423965849,0.02764575245104915,-0.019200398584698318,647.3063871682474,342.3450235627782,654.269901039241,492.18330129770305
21.546,0.34457989837507674,6.314094639332306,0.023727140147337872,-0.01553078463354291,650.6701950133832,341.1826169799445,655.3058566123473,491.11096867347806
21.561,0.36415466565195814,6.302481301009795,0.0195747672768814,-0.011613338322510668,653.4239280201155,340.1637753305094,656.3181474834616,490.1358510436167
21.576,0.3794260182201061,6.294918910674117,0.01527135256814793,-0.007562390335678238,655.5581057641475,339.33160762691216,657.3181059022895,489.32128193655836
21.592,0.390301134114873,6.2914645192293115,0.010875115894766942,-0.003454391444805377,657.0700379327931,338.7191795331473,658.3119055527628,488.71403866110035
21.607,0.39672749188321166,6.292127083181294,0.006426357768338636,6.625639519824717E-4,657.9603124366183,338.3495651682707,659.3015609633733,488.3435685563711
21.623,0.39868183482416486,6.296885614150307,0.00195434294095323,0.004758530969013293,658.230584072164,338.2360267029353,660.2855658302292,488.2219495422939
21.638,0.39616545449090995,6.305697737300939,-0.002516380333254932,0.008812123150632137,657.8825456574525,338.3821191780677,661.2591249450414,488.34411007014216
21.653,0.3892052650282275,6.318499288534136,-0.0069601894626824335,0.012801551233197116,656.9179856341151,338.78163751503536,662.2139819243514,488.688116438709
21.668,0.3778605229167614,6.3351950981164125,-0.011344742111466096,0.016695809582275848,655.3399147956856,339.41841280980884,663.1378667259056,489.2155821612154
21.683,0.3622353796208545,6.355640692925988,-0.015625143295906925,0.020445594809575793,653.1548154114835,340.26605290864615,664.0136163930692,489.87249141061136
21.698,0.3424973638857448,6.379614830197975,-0.019738015735109676,0.023974137271987515,650.3760676797427,341.2878331815092,664.8180899357912,490.590974451731
21.714,0.3189009082881401,6.406784215708687,-0.023596455597604708,0.027169385510712386,647.0284611070439,342.43708732596036,665.5211288739315,491.2927934270821
21.729,0.2918126673474289,6.436665161015958,-0.027088240940711206,0.029880945307271194,643.1533097628234,343.65859478817765,666.0850096964201,491.89535520257516
21.744,0.26173159889515074,6.468592338913857,-0.030081068452278127,0.031927177897898916,638.8130348182174,344.891505369362,666.4650254971339,492.3206999391388
21.76,0.2292930674654822,6.501710135957281,-0.032438531429668536,0.03311779704342408,634.0933725260747,346.074097463576,666.6118380743509,492.5068444786667
21.776,0.1952462415147052,6.535002199892155,-0.034046825950776974,0.033292063934873634,629.1012155624435,347.14998896632034,666.4758095402004,492.4191864067888
21.792,0.16040173014264664,6.567364039174909,-0.03484451137205858,0.032361839282754275,623.9572189057502,348.07448011829035,666.0126014790835,492.05831531033743
21.808,0.12556051791751555,6.597703577277579,-0.03484121222513109,0.03033953810266958,618.7846287511696,348.8191443419855,665.1883899887142,491.46097180857737
21.824,0.0914464426417991,6.625038516524888,-0.034114075275716436,0.027334939247309203,613.6978564764233,349.3732530540569,663.9829025118084,490.69350689341
21.839,0.05866281435750403,6.6485612322368945,-0.032783628284295076,0.023522715712007078,608.7943760755671,349.74197457440414,662.3894405418343,489.8404009212288
21.854,0.027680511027314312,6.667660185229512,-0.030982303330189715,0.019098952992617452,604.1515464468232,349.94253786734396,660.4124068651414,488.99186575133814
21.87,-0.0011488911381394712,6.681906073785002,-0.028829402165453783,0.01424588855548958,599.8276663671911,349.99990100369735,658.0636321699767,488.233660581511
21.885,-0.02756725355674938,6.691019300959417,-0.026418362418609908,0.009113227174415154,595.8654356923358,349.9430070993169,655.3587214538641,487.64031625711107
21.901,-0.05138190048743662,6.69483322213079,-0.02381464693068724,0.0038139211713725824,592.2961058127383,349.802036082129,652.3141242897416,487.27144161693917
21.917,-0.07244164307936304,6.693261535667465,-0.021059742591926424,-0.0015716864633254805,589.1432550109107,349.60658771672416,648.9451406448753,487.1701529315812
21.932,-0.0906190658805131,6.686272949155774,-0.01817742280115006,-0.006988586511690683,586.4257361562603,349.3845352139924,645.2647943731788,487.36266836611935
21.947,-0.10579919150024086,6.673873343284756,-0.015180125619727751,-0.012399605871018883,584.1597112084589,349.16127262463465,641.2834155950698,487.858361264415
21.962,-0.11787386998509779,6.656094640808097,-0.01207467848485692,-0.01777870247665935,582.3598352903493,348.95913731294365,637.0087876466872,488.64983852943374
21.978,-0.12674126579779757,6.632989671195431,-0.008867395812699791,-0.023104969612665525,581.0396664948728,348.79686069730894,632.4467703633005,489.7128274003788
21.993,-0.13231021574126953,6.60463292371912,-0.005568949943471959,-0.02835674747631087,580.2113225186196,348.68896476718743,627.6023764324482,491.00582254916833
22.009,-0.13450976973565032,6.571127878620722,-0.0021995539943807894,-0.03350504509839827,579.8843212451237,348.6450788564176,622.481336689196,492.4696048429734
22.024,-0.13330473890928451,6.532622374321243,0.0012050308263658114,-0.03850550429947837,580.0634577089625,348.6692109398502,617.0922308255552,494.02694193988987
22.04,-0.1287183188780031,6.48933387853428,0.004586420031281388,-0.04328849578696262,580.7455244502356,348.75908433202835,611.4492564678835,495.5830634369023
22.056,-0.12086233979457724,6.441585911005422,0.007855979083425875,-0.04774796752885824,581.9147548399319,348.9057551188007,605.5756102360318,497.0278801438112
22.071,-0.10997357287040053,6.389854043743728,0.010888766924176702,-0.05173186726169392,583.537194991166,349.0938498102491,599.507180226209,498.24129220063173
22.086,-0.09644986438300818,6.334813564568145,0.013523708487392365,-0.05504047917558375,585.5549407173041,349.3028474688926,593.2957394358021,499.1029810976704
22.101,-0.0808729271501865,6.277371307506269,0.015576937232821678,-0.05744225706187586,587.8822801974179,349.509735023463,587.0101851596185,499.5071998361892
22.117,-0.06399922501173003,6.218656501213122,0.01687370213845647,-0.05871480629314719,590.4066682682019,349.692912278049,580.7340633699616,499.38072311942153
22.132,-0.0467046523592835,6.159950868799283,0.01729457265244653,-0.058705632413838256,592.9968488184578,349.83643039504267,574.5584357399902,498.6988666345044
22.148,-0.029888161329445006,6.102564271594027,0.016816491029838492,-0.0573865972052563,595.5174432497683,349.93300732320733,568.5713621288878,497.4928552230575
22.164,-0.014364594036242198,6.047696006824151,0.015523567293202808,-0.054868264769875996,597.8453849941184,349.9845246489665,562.8475636091268,495.84456886363216
22.179,-7.854141152740177E-4,5.996333098711639,0.01357917992096818,-0.05136290811251269,599.8821878948214,349.9999537343524,557.4420186790576,493.87084042424993
22.195,0.010391585334154048,5.949213011537452,0.011176999449428066,-0.04712008717418627,601.5587097468791,349.9919011944478,552.3889464716515,491.7040544469408
22.21,0.018889125650929338,5.9068425708559555,0.00849754031677529,-0.04237044068149706,602.8332003600846,349.97324086556114,547.70495662356,489.47548723645775
22.225,0.024573698899370545,5.869546183986575,0.005684573248441207,-0.03729638686938025,603.6856838651588,349.9547122782279,543.3940543387336,487.3043369921246
22.24,0.027413723696895882,5.837518907975502,0.0028400247975253383,-0.03202727601107259,604.1115435301598,349.9436401112084,539.4526509744334,485.29218134260486
22.255,0.027443040980918425,5.810871040540122,2.9317284022544257E-5,-0.026647867435379904,604.1159394686767,349.9435195074805,535.8736798447289,483.52118980239806
22.271,0.02473318802211212,5.789660329512076,-0.002709852958806305,-0.021210711028046347,603.7095999636937,349.95412254456147,532.6496257414248,482.0543877355537
22.287,0.01937415581091259,5.7739127750925245,-0.0053590322111995315,-0.01574755441955112,602.9059415689815,349.97184903706983,529.7746079480755,480.93676053182
22.303,0.011462097554330246,5.763634500690364,-0.007912058256582345,-0.010278274402160507,601.719276986229,349.99014663185255,527.2457366386501,480.1964897496037
22.319,0.00109247813143689,5.758817004483736,-0.010369619422893356,-0.00481749620662909,600.1638716871184,349.99991048687383,525.0639294011246,479.8459680652246
22.334,-0.011642370600426551,5.759437364378308,-0.012734848731863441,6.203598945728169E-4,598.2536838612365,349.9898342553371,523.2343073076366,479.88245583758555
22.35,-0.02665176980741067,5.765454146487775,-0.015009399206984117,0.006016782109466763,596.0027077920984,349.94672939082284,521.7662200338589,480.2883723347445
22.366,-0.04384127544591018,5.776799037066388,-0.017189505638499518,0.011344890578612625,593.4259151169023,349.85586878047127,520.6728846255087,481.0313106677329
22.381,-0.06310293594957189,5.7933636587718045,-0.019261660503661706,0.016564621705416317,590.5408402235205,349.7014505484934,519.9705629410222,482.0639677664404
22.397,-0.08430068547148944,5.814980771183781,-0.021197749521917546,0.021617112411976676,587.3698691513165,349.4673201564313,519.6771525281347,483.32431891321505
22.412,-0.10725060098749298,5.841399372682299,-0.02294991551600354,0.02641860149851794,583.9432338827418,349.13812477651607,519.8100420626616,484.73655289044666
22.428,-0.1316967966124616,5.872254600169778,-0.024446195624968615,0.030855227487478116,580.302534891202,348.701075545161,520.383125991345,486.2134911195074
22.444,-0.15728595230266212,5.907036316784853,-0.02558915569020055,0.03478171661507511,576.5042638206759,348.1484066110453,521.4030491109763,487.6613312363845
22.459,-0.18354689684129907,5.945064910746988,-0.026260944538636952,0.0380285939621354,572.6222951913346,347.48037591289756,522.8651203320354,488.9873494160473
22.475,-0.20988506178853347,5.985487410081078,-0.0263381649472344,0.040422499334089985,568.7478771982065,346.7082302407797,524.7498558052343,490.1103714852659
22.49,-0.23560187527505502,6.027307257095242,-0.025716813486521557,0.041819847014163865,564.9857586540556,345.85610341349434,527.0215134350752,490.9723192026098
22.506,-0.25994269496253053,6.069452101760257,-0.0243408196874755,0.04214484466501522,561.4462241315746,344.96070628376236,529.6297797750374,491.5475879222888
22.521,-0.2821642026935686,6.110866592713044,-0.022221507731038072,0.041414490952786404,558.2347622226931,344.0682647684945,532.5146849410906,491.84673960373016
22.536,-0.3016011042442779,6.150602242534874,-0.01943690155070924,0.039735649821830726,555.4425869209232,343.2293159227556,535.6133405556545,491.9128758363704
22.551,-0.31771196047248,6.187876991344375,-0.016110856228202148,0.037274748809500546,553.1409223565422,342.49290102459275,538.8663088974558,491.81214094562125
22.566,-0.33009540694435796,6.222093311149994,-0.012383446471877953,0.034216319805619115,551.3800071106257,341.9017134901379,542.2219068800817,491.62188314061393
22.582,-0.3384813797303565,6.252822192245455,-0.008385972785998555,0.030728881095461742,550.1917467297616,341.4890027746601,545.6379792655073,491.4198641804477
22.597,-0.3427086057975851,6.27976924157933,-0.004227226067228605,0.0269470493338742,549.5940875324475,341.2771884923869,549.0816786890032,491.2763132804241
22.612,-0.34269882783819144,6.302737663386461,9.777959393639062E-6,0.022968421807131333,549.5954689374694,341.2776813525986,552.5281355030513,491.24901016852635
22.628,-0.3384341638567931,6.321596994467741,0.0042646639813983585,0.018859331081279747,550.1984273121444,341.4913543571346,555.9587636393765,491.380708633538
22.643,-0.3299402453257544,6.3362611302872205,0.008493918531038685,0.014664135819479824,551.4020253953513,341.90925573874995,559.3596614660585,491.69802710752174
22.659,-0.3172755987755613,6.346676106644464,0.012664646550193111,0.01041497635724406,553.2031052599132,342.51333496443493,562.7203280542839,492.2111053896564
22.675,-0.3005269309586587,6.352816964003938,0.016748667816902568,0.0061408573594733595,555.5964657024618,343.2770956639174,566.0327759271213,492.9135999965657
22.691,-0.27980995511112233,6.354692969813947,0.020716975847536366,0.0018760058100096661,558.5740500149014,344.16619114005925,569.29106066166,493.7828535904604
22.707,-0.25527564708200695,6.352360793698813,0.02453430802911538,-0.0023321761151339736,562.123180108222,345.13905923246784,572.4912295195567,494.78030873074
22.723,-0.22712196239239923,6.345945387510292,0.02815368468960772,-0.006415406188521521,566.2238497917089,346.14777342507466,575.6316830297588,495.85245830088286
22.738,-0.19561072211086228,6.335667820381756,0.031511240281536956,-0.010277567128535234,570.8451530560327,347.13937236400676,578.7139165695634,496.93283871273684
22.754,-0.1610881991550687,6.321877619118978,0.034522522955793576,-0.013790201262778298,575.9411382048977,348.0579993418936,581.7435369525319,497.9457312240375
22.769,-0.1240056264931992,6.3050838840991865,0.0370825726618695,-0.016793735019791135,581.4467914745757,348.8481724893259,584.7313154835215,498.8122078512575
22.784,-0.08493271894831877,6.285975058675815,0.03907290754488043,-0.019108825423371133,587.2754033302309,349.4593076378708,587.6938655118695,499.45872393474355
22.8,-0.044554994723781854,6.265414081963595,0.04037772422453692,-0.020560976712219847,593.3189617779353,349.8511385618251,590.6534183044505,499.8274529517679
22.816,-0.0036472387738094997,6.244398070245758,0.040907755949972355,-0.021016011717836774,599.452915396849,349.9990023248055,593.6362885832631,499.88618273898055
22.832,0.03697686625405163,6.2239828438215445,0.04062410502786113,-0.020415226424213884,605.5452660732868,349.8974650358586,596.6700831752778,499.634671930227
22.847,0.07652755481091172,6.205189007335467,0.03955068855686009,-0.018793836486077763,611.4679319753212,349.56097932351673,599.7803455028128,499.1049538676208
22.863,0.1142955925726343,6.188916783750081,0.037768037761722585,-0.016272223585386054,617.107035797863,349.02130494063806,602.9876910391238,498.35530677405796
22.878,0.1496871865538406,6.175892379869435,0.03539159398120632,-0.013024403880645668,622.3693236418294,348.3226663723623,606.306245070566,497.4601113914232
22.893,0.1822327583280273,6.166652808055701,0.03254557177418668,-0.009239571813734433,627.1838715824124,347.51622665249715,609.7435321289041,496.4988919520091
22.909,0.21157558511706082,6.161560997440927,0.029342826789033532,-0.005091810614774135,631.5000917121429,346.6551881868711,613.3013901032828,495.5471196665576
22.924,0.23745044186252062,6.160836858324898,0.02587485674545981,-7.241391160290036E-4,635.2838060864441,345.7911280841678,616.9772907868555,494.66984213552547
22.94,0.2596608786620795,6.164591845111762,0.022210436799558853,0.0037549867868632942,638.5129220480318,344.97156560968165,620.7655720989226,493.917970634388
22.955,0.2780601925912627,6.172859496728418,0.018399313929183203,0.008267651616657015,641.1736300996771,344.2384559831911,624.6583096562455,493.32649772581635
22.972,0.2925381110853933,6.185618699744278,0.014477918494130614,0.012759203015860301,643.2575146265605,343.62725169108023,628.6457314682455,492.91387464482773
22.986,0.3030134969923772,6.2028088462671604,0.01047538590698387,0.01719014652288213,644.7596646161995,343.1662405158609,632.7161728396039,492.6819731523533
23.002,0.30943278649364064,6.22433693829416,0.006419289501263492,0.021528092026999644,645.6777616403365,342.8759675086353,636.8556004149237,492.61630766890346
23.017,0.3117739018851782,6.250076683963101,0.0023411153915375337,0.025739745668941473,646.0121252856393,342.7686391568493,641.0467390794739,492.68643309680704
23.033,0.31005562199938147,6.279859324952838,-0.00171827988579671,0.029782640989736875,645.7667410003132,342.84749006618995,645.2678445861139,492.84666040512184
23.049,0.3043524849906588,6.3134558300911205,-0.005703137008722665,0.03359650513828294,644.9513223121811,343.1061795394818,649.4912073552275,493.03746194510893
23.065,0.2948148470342812,6.350550740774188,-0.009537637956377614,0.03709491068306722,643.5844035580322,343.5283935898768,653.681577551598,493.18816466194437
23.081,0.28169225974713824,6.3907100184178045,-0.013122587287142943,0.040159277643616875,641.6972411272802,344.08795953296533,657.7948869295776,493.2216773824972
23.096,0.2653555319182157,6.433349200028224,-0.01633672782892253,0.04263918161041957,639.3378559166008,344.74989841752824,661.777883362771,493.06188433982356
23.111,0.2463091870967659,6.477713382239242,-0.019046344821449804,0.04436418221101806,636.5739311739742,345.47284130888966,665.5694610548995,492.64369184296913
23.127,0.22518373901559277,6.52288396667444,-0.021125448081173136,0.045170584435198315,633.4928199111507,346.212964590693,669.1043067356203,491.9243986175072
23.143,0.20270009535180677,6.5678233933153125,-0.022483643663785996,0.04493942664087238,630.1972314885727,346.9289869645386,672.3187491934528,490.8934886524112
23.159,0.17960864015820896,6.611455150313476,-0.02309145519359781,0.04363175699816292,626.7966784220079,347.587052364181,675.1575398049852,489.5772882478376
23.174,0.1566187692881309,6.65275809504309,-0.022989870870078047,0.041302944729614925,623.3968888567707,348.16404959309097,677.5794534698598,488.03631164653893
23.19,0.13434081877781523,6.690845382408051,-0.022277950510315683,0.03808728736496082,620.0905647394503,348.6484752981004,679.5599014847971,486.3561293594072
23.205,0.11325566703809513,6.7250070981190575,-0.021085151739720105,0.03416171571100589,616.9520555154377,349.03901440160394,681.0901093714871,484.6351428402821
23.221,0.09371346432715501,6.754714362137357,-0.01954220271094012,0.029707264018299394,614.0364533909686,349.341815899644,682.1738052409321,482.97302962934964
23.237,0.07595243744815733,6.779596866545263,-0.017761026878997686,0.02488250440790537,611.381914967497,349.5675499955544,682.8229108198218,481.46214469764254
23.252,0.060126199812002595,6.799409181396272,-0.01582623763615473,0.01981231485100915,609.0134968083129,349.72894468100196,683.0534381160012,480.18233517413586
23.268,0.04633097360996597,6.813997115668329,-0.013795226202036623,0.014587934272056489,606.9471600039877,349.8390368624912,682.8822013015371,479.19849536143306
23.283,0.034628340474881066,6.823269752425791,-0.011702633135084904,0.009272636757461598,605.1932130433792,349.9100748391718,682.3244759294759,478.5598641339695
23.298,0.025062215380010893,6.8271786745307335,-0.009566125094870172,0.003908922104942556,603.7589387707515,349.9528938677668,681.392493111925,478.30020096984845
23.314,0.017670299831783785,6.825703857110528,-0.0073919155482271084,-0.001474817420205366,602.6504070427831,349.9765826471172,680.0945881783962,478.4382454428102
23.329,0.012490761724266539,6.818845105356205,-0.005179538107517246,-0.006858751754323268,601.8735655390761,349.98829871750263,678.4348453518319,478.9781061963609
23.344,0.009564815538229347,6.806618074330812,-0.0029259461860371904,-0.012227031025393562,601.4347004547392,349.99313862508905,676.4131342915218,479.9093980362313
23.36,0.008935561287800027,6.789054386665373,-6.29254250429321E-4,-0.01756368766543917,601.3403163569102,349.99401172067974,674.0254944120239,481.20706324794367
23.375,0.010643043635691372,6.7662059528785745,0.0017074823478913453,-0.02284843378679812,601.5964264059207,349.99150450185664,671.2648807300984,482.83090555470676
23.39,0.01471509222993093,6.738154196580742,0.004072048594239557,-0.028051756297832773,602.2071841774299,349.98376024759114,668.1223394006321,484.72496519953285
23.405,0.02115318150184141,6.7050253878768915,0.006438089271910481,-0.03312880870385014,603.1727406020455,349.9664419697691,664.5887284712717,486.8170043874919
23.421,0.029912473641811196,6.667013464478491,0.00875929213996979,-0.03801192339839999,604.4862019670145,349.93289829757566,660.657124540355,489.0185821664045
23.437,0.04087573588240735,6.62441109043208,0.010963262240596157,-0.042602374046411415,606.1296531191581,349.87470551310116,656.3260212479664,491.2264816840328
23.452,0.05382253100526122,6.577647470968709,0.012946795122853872,-0.046763619463371105,608.0694823003901,349.7827875805618,651.6032630892148,493.32654373258174
23.468,0.06839855709613975,6.5273267832003485,0.014576026090878522,-0.05032068776836039,610.2517856042109,349.6492595769364,646.5102880058937,495.20104075321456
23.484,0.08409502806565759,6.4742542733327175,0.015696470969517845,-0.05307250986763103,612.5993915204847,349.46991447550084,641.0856689448907,496.7401830245185
23.5,0.10025201672117616,6.419431515527629,0.01615698865551857,-0.054822757805088766,615.0126256741698,349.24684609856,635.386387027222,497.85677123254584
23.515,0.11609741381682023,6.36400525276034,0.01584539709564407,-0.05542626276728823,617.3755176361527,348.99023923356776,629.4853161613239,498.5006160630031
23.53,0.13082039272899382,6.30917135206664,0.014722978912173593,-0.05483390069370033,619.5671353607463,348.7182813704295,623.4646034157605,498.667638630673
23.546,0.14365977328097276,6.256060170739126,0.012839380551978958,-0.05311118132751429,621.4749207126999,348.454800462576,617.4066491768691,498.39962086898663
23.561,0.15397789623349256,6.205642396169499,0.010318122952519793,-0.05041777456962699,623.005525277982,348.2253210712803,611.3857415726642,497.7745792661695
23.577,0.16129916681245426,6.1586823774066,0.007321270578961695,-0.04696001876289911,624.0900967087508,348.0529204053842,605.4628677962104,496.8918479177787
23.592,0.1653115817164896,6.115739981745687,0.004012414904035349,-0.04294239566091323,624.6839509405163,347.95506941624603,599.6843582310221,495.85713283782036
23.608,0.1658437383780062,6.077203288030203,5.321566615166008E-4,-0.038536693715483905,624.7626827174624,347.94191273819024,594.083404983069,494.7710035808974
23.623,0.16283249632038904,6.043331483244885,-0.0030112420576171458,-0.03387180478531749,624.3170822122888,348.0158083201953,588.6829865835609,493.7217149565519
23.639,0.15629183664682902,6.014294074587804,-0.006540659673560014,-0.029037408657081636,623.3484479431665,348.1716908813733,583.4990466641041,492.7815979337612
23.654,0.14628777732812664,5.990200426487076,-0.01000405931870238,-0.024093648100728445,621.8649859228478,348.3978517047793,578.5433073247792,492.0057629194671
23.669,0.13292044752040869,5.9711187147042475,-0.013367329807717947,-0.01908171178282819,619.8794085227756,348.67686140346314,573.8254981713601,491.43202712906407
23.684,0.11631277613261451,5.957085542821944,-0.01660767138779418,-0.014033171882303706,617.4076041159104,348.9864937467277,569.354986359868,491.08134209385
23.699,0.09660491313129661,5.948107834532529,-0.0197078630013179,-0.008977708289415524,614.4682083285886,349.30060598591206,565.1418581005205,490.9583314130061
23.714,0.07395374609902466,5.944158209282456,-0.022651167032271952,-0.003949625250072529,611.0829530641998,349.5900001717252,561.1974940952368,491.0518006107692
23.729,0.048537251214306354,5.94516447665333,-0.02541649488471831,0.0010062673708741109,607.2777293388737,349.82334482873523,557.5346439962523,491.3352717486832
23.745,0.020563661902131162,5.950993502835653,-0.027973589312175192,0.00582902618232271,603.0843318990097,349.96828630326064,554.1669636839073,491.7677612208642
23.761,-0.00971467089389905,5.961429811013544,-0.030278332796030212,0.010436308177891504,598.5428222863175,349.99292194337283,551.107954158257,492.29518224050764
23.777,-0.041983572340401065,5.976150229774436,-0.03226890144650201,0.014720418760892091,593.7043140133725,349.8678228905651,548.3692583514795,492.85290158108114
23.792,-0.07584791517029371,5.994698040054296,-0.03386434282989264,0.018547810279860348,588.6337182356677,349.56873884222534,545.958368516015,493.37004108356575
23.808,-0.11081590286781934,6.016463340323362,-0.034967987697525627,0.021765300269065608,583.4116146242341,349.07992980487035,543.876004175437,493.7759404839522
23.823,-0.14629401431032724,6.040679579789442,-0.0354781114425079,0.024216239466080185,578.1340885228178,348.3977153303649,542.1137206496524,494.00861155136147
23.838,-0.1816002659913529,6.066446574135574,-0.03530625168102567,0.025766994346131642,572.9094367316665,347.53339073512956,540.6525658182277,494.0239852416498
23.853,-0.21599943098681856,6.0927844726308535,-0.03439916499546568,0.026337898495280117,567.8514386898527,346.5144020418733,539.4635635370664,493.80367030100285
23.869,-0.24875525961747896,6.118710968925064,-0.0327558286306604,0.02592649629421023,563.0703414770471,345.38294370860046,538.5102735880279,493.3586277424537
23.885,-0.27918602617602584,6.143321892892902,-0.030430766558546873,0.024610923967838455,558.6640075304784,344.192009926208,537.7528279327519,492.7272669119877
23.901,-0.30670750110146794,6.165852501016322,-0.027521474925442112,0.022530608123419858,554.7117852931956,342.9999217086163,537.1522195618236,491.9685816721322
23.917,-0.33085383956765035,6.185706155488345,-0.024146338466182433,0.01985365447202271,551.272398215728,341.8647976925686,536.673671085965,491.1526979597728
23.932,-0.35127687230273164,6.202451433453967,-0.02042303273508131,0.016745277965622585,548.385452010338,340.8401165713195,536.2885221655033,490.3515351597643
23.948,-0.36773114281513164,6.215798478583604,-0.01645427051239998,0.01334704512963727,546.0751221844113,339.9718098496045,535.9747462221479,489.6313648583674
23.964,-0.3800533498913763,6.225567239929515,-0.012322207076244662,0.00976876134591085,544.35449804362,339.2967268532269,535.7165692339063,489.0478076035117
23.979,-0.38814257905964245,6.231656957660136,-0.008089229168266154,0.006089717730621259,543.2295277757903,338.84204508519827,535.5036953080431,488.6429513330588
23.995,-0.3919446920816865,6.234021916574861,-0.0038021130220440456,0.0023649589147245326,542.7020462383193,338.62519430004164,535.3305080343926,488.44395288690237
24.01,-0.3914420619862121,6.232655332416991,5.026300954743684E-4,-0.0013665841578699147,542.7717306678234,338.6539764638716,535.1954594689524,488.46252132938037
24.026,-0.3866487601414554,6.2275816429183,0.004793301844756739,-0.00507368949869094,543.4369959137407,338.9266949464278,535.1007434502228,488.69487212323827
24.041,-0.3776109976326342,6.218856985778924,0.009037762508821183,-0.00872465713937548,544.6948753458332,339.4322171773334,535.052280737545,489.12196421840576
24.057,-0.3644126752035174,6.2065776625226,0.013198322429116838,-0.012279323256324588,546.5399101656546,340.1499867816752,535.0599999113133,489.7100471606155
24.072,-0.34718593560208205,6.1908963871117,0.017226739601435326,-0.015681275410899063,548.962050308864,341.0500892992453,535.1383551147194,490.4117492096098
24.087,-0.3261262980846899,6.1720456170614035,0.021059637517392142,-0.01885077005029687,551.9436119549526,342.09357328205886,535.3069572690223,491.16812416469986
24.104,-0.3015109467034764,6.150365779658211,0.024615351381213537,-0.021679837403192664,555.4555003048898,343.23333252742646,535.5910963520322,491.91219940364965
24.119,-0.27371682091068034,6.126333423288724,0.027794125792796075,-0.02403235636948716,559.453237522679,344.4159272816116,536.021810098383,492.5745186925046
24.136,-0.24323260239892072,6.1005806455559375,0.030484218511759607,-0.025752777732785996,563.8738007303173,345.5846754515295,536.6350692582484,493.09078213119386
24.151,-0.21065684376257815,6.073894474512431,0.03257575863634257,-0.026686171043506426,568.6346597495259,346.6840667249582,537.4697207630479,493.41084198417633
24.167,-0.17667574222242488,6.047186620692416,0.033981101540153255,-0.026707853820015705,573.6362939696154,347.6650094109755,538.564178044656,493.50720729809666
24.182,-0.14202022080803195,6.021432755008988,0.03465552141439292,-0.025753865683427735,578.7685074771778,348.48981017313395,539.9524367158588,493.3805022504799
24.198,-0.10741125211182836,5.99759372327121,0.03460896869620359,-0.023839031737777808,583.919274882621,349.1355433144604,541.6605065143967,493.059816791872
24.213,-0.07350878120385829,5.976540464884092,0.03390247090797008,-0.02105325838711781,588.9836103295257,349.5949168876679,543.7043559159677,492.5976760210227
24.228,-0.04087793043539715,5.959002376915349,0.03263085076846114,-0.017538087968743038,593.8700179728736,349.8746920608917,546.0898605785551,492.0613882014735
24.244,-0.009977633099353247,5.945547055878145,0.0309002973360439,-0.013455321037203618,598.5033798675965,349.9925335747726,548.8144376873272,491.5234808089583
24.259,0.01883210955739463,5.936586756323813,0.028809742656747878,-0.008960299554332522,602.8246494671553,349.97340215980864,551.8695592467528,491.05344603785204
24.275,0.045272496662622425,5.932400636575649,0.026440387105227794,-0.004186119748163336,606.7885549755656,349.8463063320005,555.2433349798744,490.7118106103574
24.291,0.06912540802790976,5.933162291897477,0.023852911365287333,7.616553218278447E-4,610.3605555903234,349.641768526905,558.9226414964297,490.5464916332268
24.307,0.09021508729284061,5.938965669454407,0.02108967926493086,0.0058033775569301775,613.5139145841742,349.3900067360988,562.8945853992232,490.5908690311484
24.323,0.10839436636733182,5.949846047187206,0.018179279074491204,0.010880377732799377,616.2273346012763,349.1196620561427,567.1472900170702,490.8629131251525
24.338,0.12353608232469482,5.96579503865769,0.015141715957363001,0.015948991470484064,618.4833156913787,348.8568676314695,571.6700792910277,491.36483547090245
24.354,0.13552960297359676,5.9867695578717885,0.011993520648901928,0.020974519214097976,620.2672614599197,348.6244869222944,576.4531389193857,492.0829222476633
24.37,0.14428227326198578,6.012694778452797,0.008752670288389035,0.025925220581008285,621.5673296563682,348.4414035621246,581.4867053728182,492.98739471041245
24.386,0.14972581121850675,6.043460776312258,0.005443537956520982,0.030765997859460978,622.375052538393,348.32180225409934,586.7597959710581,494.0323149141093
24.402,0.15182797524456054,6.07891208999326,0.002102164026053787,0.03545131368100247,622.6867996270205,348.2744385343725,592.2584684009855,495.1557397908589
24.417,0.15060994556829693,6.118829209776903,-0.001218029676263597,0.039917119783643346,622.5061801762873,348.3019617330549,597.9636092298449,496.28054873583324
24.433,0.146169452405831,6.162901510600021,-0.004440493162465923,0.04407230082311782,621.8474266055534,348.4004378386902,603.8483328816561,497.3166311324968
24.449,0.1387082164263388,6.210693106523681,-0.007461235979492216,0.04779159592365966,620.7395780720383,348.559314421526,609.8752693503177,498.16535305633226
24.465,0.1285592279309879,6.2616072615127445,-0.010148988495350892,0.05091415498906402,619.230809082596,348.76214566222393,615.9943534016768,498.72722611305903
24.48,0.11620498054814243,6.314861116327001,-0.01235424738284546,0.05325385481425642,617.3915439286325,348.9883693439808,622.1421207870748,498.91312386941615
24.496,0.10227416194492303,6.369487662633738,-0.013930818603219397,0.05462654630673621,615.3143935716499,349.2161832695523,628.2436831662351,498.6579226551047
24.511,0.08750608139936904,6.424379828479889,-0.014768080545553999,0.05489216584615143,613.109167083155,349.42606780072185,634.2180444191467,497.93335818612366
24.527,0.07268310055460662,6.4783769395740824,-0.014822980844762416,0.05399711109419305,610.8928683012048,349.6039619133551,639.9860480888237,496.7555398520414
24.543,0.058547886263280606,6.530371558180785,-0.01413521429132602,0.05199461860670216,608.7771664577618,349.7429843063532,645.4786725264811,495.18369199263947
24.559,0.04573208135529665,6.579401527427052,-0.01281580490798396,0.049029969246267374,606.8574213248525,349.84317059103313,650.6429188666187,493.3103452513713
24.574,0.03471671166499613,6.62470051450212,-0.011015369690300513,0.045298987075067756,605.2064607548076,349.9096153233963,655.4437373870297,491.2468575371086
24.589,0.025827760846898338,6.6657029620932775,-0.008888950818097794,0.04100244759115739,603.8737334162042,349.94997228882767,659.8623356868305,489.10914883059087
24.605,0.019256537568504876,6.702017593313976,-0.006571223278393462,0.03631463122069853,602.8883021236273,349.97218979144986,663.8923944261875,487.00685957373787
24.621,0.015090751813592205,6.733388181072148,-0.0041657857549126705,0.031370587758171434,602.2635268572961,349.9829205148583,667.5357572124303,485.03674661566265
24.636,0.013345782462800358,6.759655214511606,-0.0017449693507918477,0.02626703343945852,602.0018079445466,349.9866419550526,670.7985775242148,483.2795693570796
24.652,0.013990863738318787,6.780724967936659,6.450812755184306E-4,0.021069753425052826,602.0985610956333,349.98531941936153,673.6883019338442,481.7992375263574
24.668,0.016968713833145105,6.79654744340565,0.0029778500948263176,0.015822475468991303,602.5451849286108,349.9784052244828,676.2115001457936,480.6431441647288
24.684,0.02220900084727244,6.807102262951972,0.005240287014127333,0.010554819546321176,603.3310762748115,349.9630085416113,678.3724052947266,479.8429490209819
24.7,0.029636601462037553,6.81239095144151,0.0074276006147651116,0.00528868848953868,604.4448394813538,349.93413021051947,680.1720103863918,479.4153859455454
24.715,0.039175517717216106,6.8124342693709865,0.009538916255178555,4.331792947626003E-5,605.8748246854915,349.88491063117306,681.6076043793832,479.36288590046917
24.73,0.05074898955382726,6.807273772487134,0.011573471836611155,-0.005160496883852204,607.6090813040797,349.806881957098,682.6726848684143,479.6739502228305
24.746,0.06427597864251533,6.7969773251911025,0.01352698908868806,-0.010296447296031254,609.6347594208561,349.69025155601224,683.3572382208736,480.32331061680657
24.761,0.07966390252584682,6.781648748397296,0.015387923883331489,-0.015328576793807159,611.9369500389176,349.5242763693186,683.6484274355184,481.2720050389121
24.776,0.09679735368438927,6.761442026647582,0.017133451158542454,-0.02020672174971376,614.4969395517011,349.2978189513642,683.5317686013454,482.467606734053
24.792,0.11552268255370549,6.736580349668975,0.018725328869316223,-0.024861676978607347,617.2898854227745,349.00020087928516,682.9928970685129,483.8449792753357
24.807,0.13562897612834557,6.707379421378936,0.020106293574640097,-0.02920092829003937,620.282030643964,348.62247216675314,682.0199988569004,485.32808024827426
24.822,0.15682738111058897,6.674272583347963,0.021198404982243388,-0.0331068380309727,623.4277971198516,348.1591655015344,680.606870386878,486.8334370169241
24.838,0.17873297366947163,6.637832271696439,0.021905592558882674,-0.036440311651524275,626.6674311288614,347.6104607302187,678.7563292939606,488.27583204791694
24.854,0.20085588087425968,6.59877895856925,0.022122907204788055,-0.039053313127189515,629.9262117249453,346.9844272424591,676.4833404538975,489.5762705032704
24.87,0.22260939603988855,6.557967370772439,0.02175351516562888,-0.04081158779681085,633.1163070261051,346.2987020070675,673.8168844790031,490.67135521743364
24.885,0.24333997731316856,6.516343732711846,0.020730581273280018,-0.04162363806059339,636.1418312034389,345.5807955647383,670.799576320371,491.52201901928447
24.9,0.262376376575111,6.47487822014064,0.019036399261942408,-0.041465512571205794,638.9064495523908,344.8664494740838,667.484610239807,492.118915435521
24.916,0.27908603850323543,6.434489087748744,0.016709661928124474,-0.040389132391896336,641.3215748394091,344.1961422951083,663.930646681871,492.4824527570737
24.932,0.29292280790358427,6.395980158837878,0.01383676940034882,-0.038508928910866415,643.3127643710534,343.6106000354347,660.1961386190034,492.6574103803853
24.948,0.30345444741016575,6.360006813619169,0.010531639506581456,-0.03597334521870887,644.822789476249,343.1464898052616,656.3346846489368,492.70409164994567
24.964,0.31036800655269214,6.3270723116521435,0.006913559142526393,-0.032934501967025194,645.8113621159101,342.83318627365617,652.3922997551484,492.6887542709396
24.979,0.31345891578559293,6.297545634382042,0.0030909092329007804,-0.029526677270100634,646.2526269928721,342.6909054434032,648.406602039697,492.6754392843885
24.994,0.31261225633640316,6.271688790398964,-8.466594491897874E-4,-0.02585684398307859,646.1317998262128,342.7300145197016,644.4073602962047,492.72010188652513
25.009,0.3077831085693523,6.249683956229366,-0.0048291477670508185,-0.022004834169598524,645.4420002631659,342.95112665551966,640.4177375659717,492.8669589893649
25.025,0.2989800029691864,6.231654989949396,-0.008803105600165877,-0.018028966279969586,644.1818419078901,343.34561327653597,636.4557146753057,493.14650432190297
25.04,0.28625315339798074,6.217681187931635,-0.012726849571205682,-0.01397380201776103,642.3539750216391,343.8962848716616,632.5353822370189,493.5745907002946
25.055,0.26968785080604685,6.2078029947309945,-0.0165653025919339,-0.009878193200641091,639.9645875085733,344.578116412096,628.6679465856362,494.1521312136591
25.071,0.24940291276609292,6.202020066216529,-0.02028493803995394,-0.005782928514465428,637.0238084924607,345.3589956098817,624.8623854475087,494.8651820689099
25.086,0.22555401625768134,6.2002822022784585,-0.02384889650841157,-0.0017378639380703966,633.5469569471793,346.2005529387085,621.1257309878301,495.6853787427572
25.101,0.19834172107649048,6.202473721764811,-0.027212295181190855,0.0021915194863520457,629.5565751946523,347.05920189761287,617.4629777097942,496.5708900690539
25.117,0.1680237031412671,6.208392287431923,-0.03031801793522337,0.005918565667111578,625.0851317796402,347.8875794771085,613.8766356882414,497.46822533535146
25.133,0.13492987893224,6.217724391340954,-0.03309382420902711,0.009332103909031275,620.1781241425692,348.6366149577118,610.3659979802231,498.3153448433378
25.149,0.09947754926506529,6.23002190117136,-0.03545232966717472,0.012297509830405902,614.8970343582091,349.2584281282981,606.9262793829665,499.0465019697246
25.165,0.06218164573987375,6.244686910708082,-0.037295903525191534,0.014665009536722602,609.3212373008698,349.71010164708616,603.5479042118063,499.59895588596123
25.18,0.023653625891783173,6.260974197664294,-0.03852801984809058,0.016287286956212215,603.5477130414681,349.95803990508614,600.2163205444638,499.92104142223
25.196,-0.015416661605715913,6.278019302036382,-0.039070287497499086,0.01704510437208841,597.6875923613347,349.9821748439215,596.9126950365577,499.9801732776874
25.211,-0.05429723523316292,6.294893495163069,-0.038880573627447006,0.016874193126687045,591.8594160889542,349.77894008700696,593.6156041623037,499.7686590795133
25.227,-0.09226203114676514,6.310676144044157,-0.03796479591360222,0.015782648881088403,586.1803209847441,349.36203156061885,590.3034271317296,499.3053541718665
25.243,-0.1286384288384555,6.324526330704114,-0.036376397691690376,0.013850186659957249,580.7574088807984,348.7606220981185,586.9567961822697,498.6324593360945
25.258,-0.16284192928237154,6.335735564614292,-0.03420350044391604,0.011209233910177504,575.6815215613004,348.015578931498,583.560432700184,497.8085118731611
25.274,-0.19439180853448695,6.3437522826667685,-0.031549879252115415,0.008016718052476501,571.0245248486236,347.1748002877937,580.1040176558997,496.8997574938742
25.289,-0.22290934443296678,6.348180104730229,-0.02851753589847982,0.004427822063460906,566.8398124036976,346.28876224296255,576.5821695093254,495.97204947980276
25.304,-0.2481049806755349,6.348758842460826,-0.025195636242568133,5.787377305967721E-4,563.1648887452832,345.4069275476675,572.9938715804992,495.08455144791867
25.32,-0.2697613975602942,6.345338333560681,-0.021656416884759284,-0.0034205089001448125,560.0247793483256,344.575176755382,569.3417320382669,494.28554510899136
25.335,-0.28771757244447815,6.337852628692981,-0.017956174884183964,-0.007485704867700282,557.4353460079236,343.83410663168456,565.6313604910151,493.6100237431914
25.351,-0.30185658156333844,6.326298802886527,-0.014139009118860313,-0.011553825806454357,555.4059965337798,343.2179278402489,561.8710176204153,493.07854141949906
25.367,-0.31209820658792525,6.31072226706781,-0.010241625024586818,-0.015576535818716528,553.941576593718,342.7537097007558,558.0715985757307,492.69684198239145
25.382,-0.3183965440319616,6.291209198754635,-0.006298337444036335,-0.019513068313174793,553.0433850471392,342.4607886829522,554.2469558684156,492.45595999615875
25.397,-0.3207425300676166,6.2678862660560855,-0.002345986035655022,-0.023322932698549594,552.7093035491629,342.35023719402363,550.4145369021813,492.332682986976
25.413,-0.3191712509159733,6.240927718544209,0.0015712791516433117,-0.026958547511876284,552.9330337954773,342.42436832333965,546.5962818201547,492.29046046697044
25.428,-0.31377378160903185,6.210569702681876,0.005397469306941479,-0.03035801586233372,553.7024468111845,342.6763349989367,542.8196762123096,492.2810317971731
25.444,-0.3047127581690251,6.177130869547323,0.009061023440006779,-0.03343883313455265,554.9971232880557,343.08997549671165,539.1187621750452,492.2472000899737
25.459,-0.29223964356017934,6.141036555146591,0.012473114608845766,-0.03609431440073277,556.7853553699202,343.6401562568626,535.5347774453294,492.12723629371595
